"","V1","V2","V3"
"1",-0.416278642907249,-0.0893386221787008,-0.114703983437737
"2",-1.02298410094455,-0.121597492134554,-0.058265622331903
"3",0.113430557746598,0.843646871993742,-1.17858811103898
"4",0.0784695598458018,-0.241256830297033,-0.0744762758790299
"5",-1.41397540393106,-1.47743321566121,0.197446342996962
"6",-0.144179910565382,0.234500473317821,0.404654866420862
"7",-0.923107503855489,0.193044397904453,0.585083627519403
"8",0.821717227661589,-0.995334982611029,-0.351909522399061
"9",-0.884717207740958,0.7833055478805,1.02604899833812
"10",0.312037903249549,0.191021744622462,0.696571301169806
"11",-0.480545681913487,0.390875959273012,1.05025938676325
"12",0.0652858021786933,0.531955125096363,0.14572143379652
"13",1.60485790331696,1.18024054535816,0.601144303641053
"14",-0.033823771384755,0.123182620891852,-0.773046497483041
"15",0.371987114332916,2.06093414367056,-0.659377670507259
"16",-1.13150615264287,-0.964320433202243,-0.386880548576491
"17",-0.086330293335903,-0.362528178962582,-0.146165603125654
"18",0.287956070438072,0.350748343659328,-1.28046781179486
"19",-0.245836941472663,-0.501299956676531,1.18480485253131
"20",-1.54063907099468,-0.860909080599732,-0.337883524319909
"21",1.15762416235333,0.598230631169639,-0.953010123415855
"22",-0.0502684021758539,1.29655608659262,-1.33111270424968
"23",1.12458224811373,1.23351924995891,-1.35031678824993
"24",-1.08738194947556,-1.14145705464246,0.655230568915824
"25",-0.551095931405092,1.00258785573943,0.289827723122583
"26",1.77855840312368,1.92926021095881,-0.337005032730865
"27",-2.98717213614747,-0.883598128009659,1.2218657341083
"28",0.840904685504027,0.944594799383464,1.02183168959613
"29",0.748807877430148,-0.395754544118695,0.570683677277702
"30",0.694974948057152,1.66253787934365,-1.12035998765086
"31",-2.1597011978183,-1.81873696339702,-0.538305981375115
"32",-0.159856573430442,-0.117719638771653,-0.692387380194157
"33",1.39191524600744,1.29875209761463,0.0418713152823573
"34",1.30892635570535,0.663000639177572,0.306360273095393
"35",-0.0578234475239986,0.850833472903621,1.15392981866672
"36",-0.733322689440849,-0.725361424330359,0.595414993578601
"37",-0.502408330485629,0.584266219664567,0.474037996198983
"38",-0.781193575310618,-0.304965221227001,0.758892059271664
"39",1.49680016469851,2.22369562143368,-0.881052888337595
"40",1.18326593173033,-0.154954171710807,-1.32070279402016
"41",-0.519335017603342,-1.12171434569374,0.203355928055595
"42",0.430477335918259,-0.0850179572924433,-0.0279687371493987
"43",-0.323996852619284,0.758719904429919,-2.29585267252944
"44",0.0127742856683885,0.461635062647051,-0.702841001987912
"45",1.33855923031657,2.39039957606082,0.0228984686416249
"46",1.01727811113037,1.1062710332473,0.397230536488534
"47",-0.977809157169891,-1.20394720057361,1.14153661651783
"48",-0.234948692950529,-0.0962919892334043,0.703566140362085
"49",1.50589611076673,0.898369902717456,-0.464199461293952
"50",1.29546062092676,1.68624657553023,1.00488895980936
"51",-0.548724383473096,-0.144541260322945,-1.08991995111684
"52",-0.298000173909447,0.101658636950481,-0.160328126476672
"53",1.83185002440646,1.66090362461873,-0.127309023418222
"54",-0.592565534537668,0.569990343862989,0.132977749126123
"55",-1.07907031985065,-0.788523514083139,-0.857415856096105
"56",0.951920519250334,0.789957742990806,-0.579651628418188
"57",0.730143404692385,1.52927686960364,0.543521835226529
"58",-0.280427269258873,1.44856536328525,-0.524951096830855
"59",-1.29339404832917,-0.0673491747785068,-0.506194294861709
"60",0.787157180537248,1.27294341183753,1.32817310078277
"61",-2.43228857022869,-0.909309312382107,-0.225429824565837
"62",-0.526443968963997,-1.42210625880789,-0.000877795336043565
"63",-1.06391496689745,1.37929187695531,-0.00764489072605098
"64",0.739863919689109,1.48060586638576,1.73667977453043
"65",-0.634947540270479,-0.13713948601361,0.700402586801435
"66",0.664201141877027,0.741924382000844,-1.09084385951296
"67",0.069441313439318,0.708546000311264,1.10346994049851
"68",1.43817153620728,0.570701210299611,-0.237879531523784
"69",-3.80373183884932,0.320165149964375,1.60002865708715
"70",1.02882302287874,1.96281881397367,-1.06442901121499
"71",-0.270861046094943,-0.180981359323389,-0.383384566014038
"72",0.437067137834181,1.77346647437052,0.0204157404311977
"73",0.628981412199614,0.214686980785225,1.32094288752277
"74",0.0121863407187283,0.643208508915532,0.260839460634812
"75",1.00485097340291,0.663643762853537,1.55211074378004
"76",-0.227067680767115,0.341379092027395,0.052432339203567
"77",0.899206294065624,0.0788582578233308,0.858021689743471
"78",0.980197113217254,1.9712978630236,0.894714381335401
"79",-2.39300158194568,-0.738567997741522,-0.273339772504676
"80",0.523834767944272,-0.334782192022685,0.301882514356287
"81",-0.629383295832562,0.735619149604825,-0.334803992341103
"82",0.387106382288964,1.61403145330874,-1.01467913102849
"83",-1.80915516841292,-0.814337204907389,-1.41416696451252
"84",0.835825790516229,-0.202485714447899,-0.654335912775206
"85",0.929515724838389,1.21000642176735,-1.79412620362414
"86",1.33571321046113,2.82497412746039,-0.410374984029538
"87",0.0955021748507012,1.26806805482833,1.91919882311533
"88",-0.0615954450081246,0.0883937593339058,-0.168177747623759
"89",2.16324024881784,0.691970707213476,0.307292949679088
"90",1.27787020322148,2.05911645226822,-0.448486990117219
"91",0.412016407680277,-0.0957496971732332,-0.933240234418034
"92",0.593099931109146,1.34292666849387,0.1010286239947
"93",-0.323714632609784,0.143870262795828,-0.327091045791557
"94",0.3477964040699,0.776746414550984,0.197657773808368
"95",-0.388436922559183,0.7887378978429,0.52333159262249
"96",1.19908761620451,0.392598768811329,1.75649134554438
"97",-0.748354873872145,0.720087241668286,0.00093398210496854
"98",1.52349417891967,1.65904786768754,0.585781776144703
"99",-0.0722849100149993,-0.413987692707907,0.223862343947484
"100",-0.163851655570612,-0.485863230545428,0.732670013370832
"101",-0.374889154345617,-0.735820368085383,-0.617445794639313
"102",0.679089590827515,1.3069033451642,0.578937262750053
"103",-0.738140786597555,-0.194453532129009,-0.436659901703692
"104",0.104470650178293,1.59655550968655,0.991634433554094
"105",-0.81748645926709,-0.105865149091834,-0.332750782228695
"106",1.11591752195236,2.19582200028385,-0.925508131239448
"107",-1.78613724996386,-0.301108529902764,-0.930196702301306
"108",0.0773818605069398,-0.254232268345011,-0.725868811001875
"109",-1.92991928911867,1.30731744246359,-0.827616917013655
"110",2.24303711165609,0.960709839853303,-0.563072674759933
"111",0.176790724348497,-0.699504010104942,-1.8264798087694
"112",-0.801115334972584,1.02204833581599,-1.60259595722951
"113",0.117697445575775,-0.573376386026053,1.57457413876331
"114",-0.488081158198662,0.914353051780406,-0.728914391589152
"115",0.178647350034315,0.890212145466846,1.39221334009139
"116",0.558336600707833,1.41257034624898,-0.00367472470026485
"117",0.127929405063688,0.734752708880258,1.05773509576127
"118",-0.178328826487661,0.719337302911289,-1.36883484094151
"119",0.984519914424943,0.694250575393818,-0.274355380660618
"120",-0.562549979718229,0.333442029440307,-1.58083376228951
"121",1.65973778191597,0.544664862382076,0.348654105173383
"122",0.32419479039361,-0.212394414263228,-0.193812315528143
"123",0.0764360162764044,1.19116079438469,-0.163392363310269
"124",0.0984366395621795,2.10028274200113,-0.430886811242956
"125",2.1824900379294,0.502570091953506,-0.5254145724954
"126",-0.402792674360272,0.407089901985003,0.617255280846404
"127",1.17691335975885,-0.0783300322304815,0.390977571251003
"128",0.491956076061471,-0.480169412278005,-0.0450266076838184
"129",0.4247551075589,1.51212354077637,-1.04313574985802
"130",0.795969221300362,1.33630384525868,-0.102638186780657
"131",-0.25142574926763,0.210664832219991,-0.396108996899657
"132",-0.074422393052675,-0.0826303948194225,-1.26489596335787
"133",-1.22892967495328,0.211592846113317,2.35946391924113
"134",0.266616049339722,1.51520554629881,0.257314626881099
"135",-0.00781356637386748,-0.970613470587384,-1.26808495033283
"136",1.4484466303838,0.9155129576488,0.33551589246047
"137",0.256881742281828,-0.722874509098722,1.0430100808107
"138",-0.876998610335081,0.669968313631288,-0.456619958599004
"139",0.823796993395934,0.326583017460574,0.547632304104171
"140",-0.110105783768373,-0.624497992695286,-1.25280078341955
"141",0.369354031628534,0.166810162319254,-1.74656289776454
"142",0.67582013518709,-0.532649931223783,0.0248696216009276
"143",-0.338043907214752,-0.242196334844014,-0.0535341369407095
"144",0.0767046303506951,0.0808229558968739,-1.70131228398286
"145",-2.10481219326001,-1.39046595839746,0.0482213537916237
"146",-0.363861810252376,-0.743116806782818,0.0864154998814454
"147",-0.3192582020708,0.541153713183308,-0.780699996778795
"148",2.05037250787722,-0.15031264834783,-1.02461374717448
"149",-1.59398285985995,-0.971692142699079,0.217603658241874
"150",0.603462156022417,0.421212281421495,-1.46514801236179
"151",-1.01669465160204,-1.76582453818469,-0.38965501330816
"152",0.71911552447503,0.00202843435785626,0.0700828693844593
"153",-0.794344538134034,-0.430546528677734,-0.696432965770806
"154",1.03101683365632,0.512839266705521,-1.40913874941788
"155",0.14408235233588,0.35441846574579,-2.47107821500435
"156",-0.0700227718991951,0.754765320736565,-1.15705992193769
"157",-1.42291725996024,0.368053470857237,0.115735511393339
"158",-1.40997807813093,-0.921107950051372,-1.71743101852723
"159",0.497365923568869,-1.28775978182412,-0.770340838737655
"160",0.23528965701606,-0.378211197969374,-1.07128106414557
"161",1.19321853086931,-0.145762571402253,-1.06957902604546
"162",-0.380385810146072,-0.473570895564754,-0.819775512152554
"163",0.7464879273098,1.3169268108849,-2.55353837304015
"164",-1.29901947137234,-0.51749429792235,-0.0212956627045006
"165",-1.47438054358183,-1.49851614600396,0.415285594612534
"166",0.810379398777674,0.788953888623585,-0.879712955056733
"167",-1.22682552700129,-0.320908931782633,-1.03116374680182
"168",1.48668306998987,0.990715901624874,0.234884958577408
"169",-0.137838720401675,1.21990363004692,1.53372791844036
"170",0.339317285425866,-0.609543755646213,0.549065894129605
"171",0.475492369201952,0.731334448820904,-1.54160402324771
"172",-0.0441142022514365,0.344814164731124,-1.22964513409069
"173",-0.855522893071619,-0.206255239245299,-2.11941705893264
"174",-1.97630628693317,-1.1998577818714,-0.500274456713924
"175",-1.95024635753146,-1.53003193418509,-2.23572112260306
"176",-1.49583451886466,-0.188433736285787,0.137374102756321
"177",-1.56291604290578,-0.1960422948282,-1.8631894819328
"178",-0.21427551160134,-0.730176471391601,-0.710849903624019
"179",-0.0690806114054806,-0.178538244852978,-0.268157631555426
"180",0.954966044390065,0.83493776546697,-0.614345097945526
"181",0.483827010008247,0.848988209783821,-0.813979213213858
"182",1.00799925595464,-1.1456951919232,-0.0783270404931463
"183",-0.739914249176575,-1.43442018610957,-1.18246859107213
"184",-0.197955359998875,0.282503597846571,0.606234654678627
"185",-0.292620825469455,-0.807622768023472,-0.220893061480856
"186",0.250032071918722,0.313638473383603,-0.488001000792861
"187",-0.98096419149862,-1.11025626738248,-0.0369566584907051
"188",-1.40777639183942,-1.08140381442316,0.50161836390578
"189",-0.687830187106465,-3.22834702742972,2.59699648831768
"190",0.130315422721708,-0.628798250228221,-1.17947748133817
"191",-0.953310803437424,1.23777957108043,-0.556783715265666
"192",0.8611401084033,2.06992965035444,-1.98802396474817
"193",-0.154507844637229,-0.962460470798572,0.0741723697266353
"194",-0.945405734283242,-0.942742329770578,0.292911632599298
"195",0.769507600344432,-0.177538535365514,-0.123038368142188
"196",0.574963560128677,-0.0693686968682262,-1.0136930677189
"197",0.806162778498667,-0.0358775845997094,-1.50717853165312
"198",1.00687920225435,0.294333663430915,-1.22061964415605
"199",-1.39039134885886,-2.21234054924819,-0.669514194300075
"200",-0.0899519624680881,-0.641654176950307,-0.196301280571709
"201",-1.01800702095327,0.231398074750218,-0.017273202784411
"202",-0.0303240356133659,-0.885395662578114,-0.00860342700828481
"203",-1.87783985705082,-1.34258742551197,0.664066025814787
"204",-0.403923155606416,-0.86238785269741,-0.547345666928197
"205",0.55391183195897,0.10249503673518,-2.12846809268562
"206",-0.375033684965651,-1.27516795024603,-2.30529970886465
"207",-0.3527334105637,-2.36874111707179,0.864473121137615
"208",-0.783761086288965,-1.01566560709094,-1.34033995139855
"209",0.542599463839408,1.54131335868012,-0.609712447948291
"210",-0.61021550276965,-0.322273095414286,2.64266086114678
"211",0.392173826183453,0.128587354685992,0.141150105511849
"212",-0.911822336697942,-0.481901378378364,-0.335710498792696
"213",-0.0546581937827684,-0.597706834447491,-0.773941218834279
"214",0.954954548876932,-0.0890798055678166,0.421757279651133
"215",-0.447529473709389,-0.0937558102907709,-0.423463386312315
"216",0.137369902142517,-0.397202220366376,0.278394929056196
"217",-0.948471367844836,-1.67114448066761,0.0258180512360577
"218",-1.12974304192363,-0.280708113963375,-1.03957370961628
"219",0.132054832196699,0.355217801002542,1.21230350399807
"220",0.505711103345878,-0.663254746813864,1.41206448724809
"221",-1.46004939461474,-1.74306384351156,1.01676648331947
"222",1.14567166449069,0.642804581695234,0.473704970139937
"223",0.247908560543324,-0.273503683100762,-1.0943139341542
"224",-0.371960647678615,-1.24695814064967,0.620936949787024
"225",1.7160293900114,1.07024644986151,1.14385580756335
"226",1.76662753758186,1.05345590803246,0.0327578172936409
"227",-0.0829130186421047,-0.829911761445445,0.992842945786868
"228",-1.01299272574535,0.49105760019106,1.35427569849501
"229",0.91441118990005,-0.661400161758788,1.14387894951299
"230",0.171226732166907,-1.07021323708112,0.0325829180754766
"231",-0.271374360303339,0.19389644152262,0.278348870131235
"232",0.423261633545785,0.314021494344203,-0.804469904977294
"233",1.50221488649398,1.79323201516961,-0.827656181103264
"234",-1.56542026636082,-0.617539841802914,0.462930984966394
"235",1.63529765083592,0.214429800670563,-0.948794085916615
"236",1.13399467609267,0.149656568540636,-0.0390865949066953
"237",-0.213601942081195,-1.52025260705174,-0.474372771962413
"238",-0.560439060566001,-0.0438387651852852,-0.0381519761219715
"239",0.558507681799791,-0.980550155164903,0.647412275305477
"240",0.498347068935426,-1.42438882454452,0.0393443117848642
"241",1.9191708026045,0.250503883208029,0.591989820457517
"242",0.371730477951662,-0.207606002053799,-1.12276598804637
"243",1.33391137587021,0.759871589303393,-0.688062855481481
"244",0.749330379002434,-0.253527677037082,1.14794652817826
"245",1.16206468257398,0.646238368283528,-0.112223348952021
"246",-1.81093697475829,-1.47471437014946,-1.13512736300554
"247",0.356940038744828,-0.778348786630167,0.196807473894018
"248",-0.673333494383041,-0.928434787030971,0.680218846606744
"249",0.630168449430627,-1.04197589142562,0.458287918000172
"250",0.261941518829744,0.336184595574863,-2.17264308360676
"251",-0.639582591618424,0.214732224544035,0.555164578302892
"252",-0.371675152859928,-1.14819489446538,-0.153935421889978
"253",0.991660085645336,0.474955661014186,-1.23684085975317
"254",-1.36488688847615,-1.82369771188077,0.797154185845114
"255",1.3072716412297,0.839633775561641,-1.5956708839856
"256",0.266676451618495,0.333071693157533,-1.23605765027751
"257",-1.10659741316881,-1.26463252836589,1.38767064714501
"258",0.487716789906903,0.0334962481255735,-0.276034349615787
"259",0.73415084969099,-0.69285952547024,0.820877384445259
"260",-0.0376042022757138,-1.17809123531835,-0.247878962344148
"261",-0.111396280221821,-0.598178238202569,0.400930894908658
"262",-0.0284545613256187,-0.79371185460821,-0.313427087244064
"263",-1.34888090160863,-1.36614850335543,0.32304711811292
"264",0.317816139857674,-1.45563328089236,1.20970876621293
"265",0.688381348491126,-1.31810906173814,-0.466618494415037
"266",-1.05674011565629,-1.31812365516366,-0.567957543330977
"267",1.06361320498457,0.661740536416364,0.292967074529557
"268",-2.03648596535189,-1.83227167765306,3.11217647936467
"269",0.362113223142555,0.538225567850387,-0.671664708587817
"270",-0.679733388920476,-2.7491621984367,2.56357595123359
"271",-2.71651625291369,-0.522046293635175,1.89332307130897
"272",0.00631259586027421,-0.0788553101760371,0.112169263326578
"273",-1.53247516454249,-2.69761004074203,0.603684078051769
"274",1.32631830511341,0.578521900732226,0.163789721075483
"275",0.828328568538146,1.40339793000692,-0.928655254726366
"276",1.33308569032891,1.12172313965309,-0.870894084783003
"277",-1.08809092745929,-1.55882779392036,0.586075680851664
"278",0.558806355796213,0.048171614252631,-0.177054515087049
"279",-1.32739927721884,-0.833283088225422,0.986810146186812
"280",0.485865377893849,-0.763092292605784,0.0364639395100274
"281",-0.630968095501779,-0.686063276845619,-0.251850605685131
"282",-0.126740242769388,-1.10030202982989,0.775085061595884
"283",0.343662102398266,-0.867884154390585,-1.18924353414706
"284",-0.430893848005792,-0.356657225351876,0.196375868357421
"285",-2.41356823793315,-1.03429854447768,-0.108600337455168
"286",0.112596927488849,0.138612516571603,2.80481946004072
"287",0.589037834117645,-0.310438944062415,-0.0447889986765385
"288",-0.262063691297985,-1.23049727864344,1.40493808361054
"289",-0.0970925305691344,-0.358348912915233,0.767868386424436
"290",-0.567654239742548,-0.424794396329514,1.31383552426877
"291",1.49290680949255,0.430819125909683,1.18794325196637
"292",1.06559436568568,-0.0878923787700978,0.0374093002826031
"293",-0.415852846908462,-2.24825593719397,0.906765308271357
"294",-1.1673084253149,0.712630987867251,-1.40438436241931
"295",0.120543317060869,-0.223643149323048,1.31775418471433
"296",-1.19075727334653,-0.49355561675024,0.293340593721024
"297",0.436228830746538,0.72469568469253,0.733990550897169
"298",0.519788313075599,0.614091227128948,0.351290523564363
"299",-0.586187204934769,-0.321901904103865,0.789664023655744
"300",-0.998650006880456,-0.533281856191923,0.334823285062237
"301",-0.012035799335242,0.809068216199626,-0.256814873722222
"302",-0.261223034026392,-0.430294247867867,0.116181653773392
"303",1.54859175382661,0.0609457031054343,2.26355601443085
"304",-0.379742856738219,-0.330056056553249,2.4443034802964
"305",0.88472602031388,1.07502693952501,-1.28414330589009
"306",-0.422378532941825,-0.555839650211726,0.209205582582497
"307",1.11138322787325,0.433041668445378,0.94120271310169
"308",0.16603159366922,-0.866477498543049,0.162973326896876
"309",-2.41308109518488,-0.375817274471363,0.6547210903699
"310",1.23645326644611,1.23604941841219,-0.887704017026261
"311",0.125725539050206,0.870910273843408,1.00241966358762
"312",0.860177423719899,0.380264977298847,0.612985357724706
"313",0.813290117320294,0.425726680667687,0.395975769964316
"314",1.3065170954289,0.77921300588479,1.65758157807319
"315",0.325000003872227,-0.810015925576512,0.186367486547791
"316",0.295796218454906,-0.843087107745862,-1.66154191151075
"317",0.582234286528653,0.351236324178562,0.290894129940559
"318",-1.33722500609728,-0.61421890275423,1.2402172720549
"319",-0.0583486550849565,-0.391163298439665,1.96898321124293
"320",-1.85376023648961,-1.72520111935037,0.427116369115235
"321",-0.685168001768146,0.25433577962137,-0.650396381118794
"322",0.326420144116426,0.538992248744839,-0.411837234736955
"323",-0.475867001404,-1.07112157455077,-0.048005753019465
"324",0.880349550539012,-0.152130190562949,1.14636587298719
"325",-1.17311915428067,-0.430955721401811,0.236332549476941
"326",1.46968121408709,1.05530804754988,1.61884362375536
"327",0.815640608904503,1.23080644876102,-0.50114586487593
"328",-1.49004189647829,-1.52021103424064,-0.219496299989888
"329",0.32880763521698,0.346576802543718,-0.777565758213474
"330",-0.205070835547248,-1.86187751426793,-0.456911944784778
"331",0.278720197413928,-0.486235027041828,2.01951908578324
"332",0.084380965831471,-0.723940974788565,0.260889696983812
"333",1.52446944100325,1.09691473311331,0.696326245999235
"334",0.527655659008202,0.205572123209744,0.635786043868642
"335",-1.30997927481493,-2.02936465770535,1.17193812423246
"336",-0.97851254343941,-0.344647376300206,-0.223582513859472
"337",-0.178069242826593,-0.219991648133587,1.63954476223485
"338",-0.711244535665309,-2.01549041161977,0.877155059012
"339",0.596494202668601,-0.127051986987122,1.44111822830305
"340",0.603013475424795,-0.0409521771381898,2.3027010324101
"341",1.52531195615371,-0.126218573732173,-1.13079202075189
"342",-0.07881884472194,-1.08979638463598,1.77237892967441
"343",1.1066550075897,1.96445973535345,-0.91999393201003
"344",-0.062578719382992,0.100736743186377,0.111291354234622
"345",-0.156350180748285,-1.04241648241835,1.16301098062889
"346",-1.62190913273303,-0.23583946923904,0.143138263971568
"347",2.25903677644007,2.33020890488224,1.31801763919576
"348",-0.799565511661417,-0.180239840426071,0.0955140795691295
"349",0.375720151743785,0.689444697478407,0.659583050100122
"350",-0.968094115461165,-0.522978554448916,1.10694330225876
"351",0.0723480730048104,-0.479474606621837,-0.0305521091657406
"352",-0.441915033105087,0.590486748346975,1.24227944954856
"353",0.78687707501842,0.0879673096511472,-1.19584671541269
"354",-0.275141427597193,0.195721193426241,-0.215089109567948
"355",0.238666015596128,-0.660653411719132,-1.27958640222444
"356",1.33766429451408,2.31406435781651,-0.336881763439697
"357",-0.609338629574374,0.398200339502334,-0.46462188536776
"358",-2.2279622409518,-0.859058864726299,1.18704409771399
"359",1.36283281742865,1.44424881200376,-1.84025798789371
"360",-0.346770511435642,-0.647979253880932,-1.34197338110328
"361",1.01176724509511,-0.545025886404757,0.287823139336988
"362",1.48646045525096,-0.53330478850661,-1.63157491086841
"363",-1.66350938459528,1.13907331867562,-0.190402588593446
"364",1.75160082472553,-0.424519230964282,-0.54763952842872
"365",-0.705136575886545,0.0152288818879555,-0.951343915502077
"366",-0.229363494940652,-0.63104036536145,0.055847469091507
"367",-1.82048746491664,-0.490933923840109,-2.30822943678648
"368",1.05344327010647,1.32224338185707,-1.72665307160402
"369",0.201519426269921,-0.217553561144248,-2.06084450599169
"370",-1.11501122091417,-0.181333004427932,-0.759426525462827
"371",1.19697136120381,-0.251535457054517,-0.514035440525664
"372",-0.591931939396865,-0.588299962896319,0.446847213263257
"373",1.16460610984645,0.796531916915358,-0.451230779747843
"374",0.239873345963282,0.412151180441557,-0.986254718829842
"375",2.05364216536108,1.23370728792524,0.56004945432242
"376",-0.772399289905621,-0.525160649938869,0.810509855949773
"377",-0.54752239088381,0.392875395769306,0.349934558187179
"378",1.05183267991963,0.331832171902757,1.69523595583964
"379",-0.0159941999959458,0.277695395526108,-0.229185152833498
"380",-1.8915387399172,-1.13637309866876,0.751246107075876
"381",0.935340145458519,-0.453442489787494,-0.966496533762989
"382",-0.437786426721432,-1.30261672069969,0.730524791195329
"383",0.266475602918229,-0.140109379257262,1.36451252607158
"384",0.0798532625053924,0.761316551392825,-0.774453072521716
"385",-0.141981449225268,-0.560881061921867,-0.304495397380296
"386",-1.2675418900043,-1.24855080430607,0.791597775659935
"387",1.23339058584613,-0.296367984144912,-0.0932794304363798
"388",-0.222139547011274,-0.134695542414366,-0.666814590235155
"389",-2.52856145195246,-0.551375214570508,-0.415777700120974
"390",0.197381744050028,-0.834662649034147,1.12514324364093
"391",-0.961923221438004,-1.47788239264537,-0.363659742959185
"392",0.188097847025772,-0.485966707383543,0.69323139518335
"393",0.213700850615365,-0.719875383186622,1.14696346844627
"394",0.302221465800584,0.588924168032129,-0.899442882761659
"395",0.582845016215041,-0.348350553039086,1.55935928158836
"396",-0.0479300596357186,1.59719204692461,0.379457276607772
"397",0.92719252463461,0.924527874335827,-0.604177862249003
"398",-0.704591842374432,-0.154266193982435,-0.321614013797306
"399",-0.278368917722327,-0.976364753570328,0.143086862428859
"400",1.80801506663893,1.12665477236779,-2.49224199499433
"401",0.439498648540544,0.799630491989112,-0.311933760327291
"402",-0.540977833634609,-1.55381595659658,0.092278849943219
"403",-1.59314741876863,-0.511136955463774,-0.572755938108842
"404",0.158132194168906,1.3422474586738,-1.7967493844988
"405",-0.154991749359462,0.122575590013637,0.29389622889687
"406",0.0269567434300441,-0.0409788005611851,-1.15755901903414
"407",0.831488670411568,-0.4043269719662,-1.14161880845393
"408",0.103035416029404,-0.399550520610426,-0.528321423651419
"409",-0.402255128439614,-0.0281127999219961,1.11273427547567
"410",0.69952913796646,0.542419341596436,-1.06003442946172
"411",-0.967187464699729,-0.397916325190034,-0.361600541669734
"412",-0.628891616444141,1.11015567642885,0.243299689296239
"413",0.0652528385528412,-0.509833617102434,-0.278773005479113
"414",0.53810502196395,0.321021456991222,-0.757346556314925
"415",1.88173978882654,1.58079428645238,-0.953982614564772
"416",1.82652566232232,0.375626514256923,-1.2511122467563
"417",-0.297506530234109,0.428565785181792,-0.307053662387173
"418",-0.817063934991222,-0.362222933926763,-0.385468214169479
"419",0.723681379277169,-0.161865821341054,-2.54751933916854
"420",0.236630812138266,1.28142830130688,-0.743287750888894
"421",0.458956401957762,1.07168856967846,0.0682595733807744
"422",0.0372117269765535,-1.1864186619043,-0.173355248067427
"423",-1.40157429608293,-0.552423262062061,1.22434858054269
"424",-2.36555464067954,0.517698327652635,-0.556814404272094
"425",-0.610440149532284,-0.710853108047798,1.32148509437471
"426",0.952973978072128,-0.68948665437552,0.670821547768399
"427",0.335727868023992,-0.925263490867707,-0.796992713727762
"428",-0.0929839645447332,0.147541193539215,-0.647011860809251
"429",-0.246575910163661,-2.08101479227894,0.772750157835287
"430",-0.918413950118034,-0.637971894835244,1.33073986270401
"431",-0.0938830842763799,0.556958234896271,0.981751489120125
"432",0.98232873796463,-0.426868532256283,-0.219713817814736
"433",-0.463233643102951,0.146173293666488,-0.262811062962478
"434",1.42963790616654,0.209441268007768,0.54095131022053
"435",1.16473440305905,0.121859446249142,1.46702497948951
"436",-0.660294914010599,-0.790959177350869,1.6472610819246
"437",1.06563382063237,-0.17846507949828,-0.230380883527606
"438",-0.223983799165681,-0.123692539089242,1.01817276069684
"439",-1.51327874469223,0.925348228029662,0.350251043001375
"440",0.284273878980962,0.041492572910656,2.43924212703034
"441",-1.45056667738656,-2.17879864240293,2.70080920054817
"442",0.134660486185743,-1.0243268935653,-1.01006369415655
"443",2.45562746501332,1.48311470026695,0.0529989286717038
"444",-1.36141701161665,1.57754589727232,2.56097429826732
"445",0.0248382297038899,-1.26054683317551,0.306839819075517
"446",-1.06001688661401,-1.22006299275017,1.31230626992876
"447",-0.796385210381481,0.978866678313707,1.35718939634746
"448",0.394862278801595,-0.880739875849969,1.07452316104054
"449",-1.05434795742458,-1.90711055368832,-0.171170280999888
"450",0.272394439470575,-1.2138895199154,0.348439532318801
"451",1.21647288345481,0.0696813587066386,1.31735033388416
"452",0.687529975389126,0.229117666549998,1.4239057750283
"453",-1.29013398536701,1.45612849951974,-0.450064005564713
"454",-0.604419622427163,1.10494800197867,0.703310936630297
"455",-2.37149863561895,-0.0836203579042403,-1.48441440336822
"456",-0.364547113708269,1.01890246440077,1.5962319434033
"457",1.01332256303287,0.801387258221935,-1.86779797569483
"458",0.85549108321538,1.15520914999954,-0.420341032179394
"459",-2.23915029325577,-0.234332873997625,1.90367794999951
"460",0.813415426534826,-0.996137927456966,0.889782997134225
"461",1.55518452187541,0.29024919228214,0.370244474160169
"462",0.161259201809028,-0.63395818953973,0.480437657236144
"463",0.262320732012488,-1.02154480968621,1.90615617888319
"464",0.247447703187428,0.194968278182062,0.816261317570371
"465",0.15155354110708,0.0696637031585139,0.504840440536884
"466",-1.81923564531936,0.594900596187761,0.296832809711516
"467",0.892662153227044,1.989143935054,-2.2720824088448
"468",-0.312300862752232,0.33911303569803,1.3675401532235
"469",0.57309888734982,-1.28178718888015,0.919649301684474
"470",-2.34047215386568,-1.77266164206445,2.55938663277662
"471",-0.422159347440839,1.39939370320877,-0.787628203033023
"472",1.49964484536719,-0.180574617310861,-0.705113560547634
"473",0.611909298862196,-0.0737617395377475,0.753455521422663
"474",-0.157678599516902,-0.423848174952764,0.152273907615878
"475",1.0579458255726,2.02831062979974,1.68535878504354
"476",1.08023362466083,1.03883410829439,0.632200531776377
"477",-0.0396029974100368,-2.30868900172206,0.0120121668040373
"478",0.769965174221045,0.674402410231887,1.33897219055028
"479",-1.02639167795259,-0.964859140850982,1.47325790718796
"480",-0.744889137370097,-2.1713308750371,1.21774268403438
"481",0.885775091669846,1.38289221121037,1.34593952731015
"482",0.203962243832012,0.13346709138941,-0.361795509900987
"483",1.00027738354414,-1.3864244589635,0.518971714412121
"484",0.307108296212625,0.847137164751731,-0.214304591434473
"485",0.204847656805855,1.64757858899177,-0.456195074289683
"486",0.558265739646497,0.42553176293732,-0.210212852367452
"487",0.148870751543491,-0.826928066572334,0.20588105584961
"488",-0.343756377530152,-1.28141169322913,-0.327815851236477
"489",-0.778837037911916,-0.695271794735021,-1.24601670026018
"490",-0.290210253301933,-0.767373457276322,1.15163707124736
"491",0.565200891577414,0.325560165997628,-0.458984582370875
"492",-0.603212136147825,1.20796684287138,-1.40103849149916
"493",0.139639071847936,1.9770354990395,-0.0341770200348726
"494",-1.25470512480727,-0.626417307299768,1.96301046351915
"495",-2.15174428612525,-1.01859311712805,-0.829134492536696
"496",1.78965564962272,3.10032938749253,-0.242391135995725
"497",0.474178319220668,1.43937982660941,0.875861948580769
"498",1.09809880398547,0.145913241826189,-1.33615169720096
"499",0.0368439025527191,-0.127194756896941,0.0294563072396078
"500",0.556735512756207,1.26497373181307,-1.96519533628251
"501",-2.17076479089709,-0.0256516433662841,0.0695309480675852
"502",0.0597853408796352,0.220333332699702,0.277738412125605
"503",0.515080282155086,0.7117608319989,-0.371247147365999
"504",-0.735856594945642,0.0143815589767602,0.0510055369876322
"505",0.611586642505428,1.16653655799793,-1.24854031970062
"506",1.4283927562627,2.28791150858428,-1.73980371732842
"507",-0.607771251634168,0.530683145905553,-0.0374141276532449
"508",-0.530328821391035,0.542897191933762,0.0612260861180173
"509",2.1622933454297,0.712307997103952,-0.894341125895175
"510",0.458431925209905,0.099139256467349,-0.395590208292302
"511",0.37022000773307,0.61088915148,0.361710065508684
"512",-1.89823155095469,1.30044836880919,-0.345253763849382
"513",-0.172842832422614,-0.902308782869494,0.409783185372218
"514",0.57011854970043,0.925136313816647,0.920049551145617
"515",-1.25664524044349,0.67551772827174,1.40131039376665
"516",-1.62441636452148,-1.10748179113793,0.488664244213169
"517",0.551760655307384,1.92358279083928,-0.501130832463283
"518",-2.37563162377955,0.00941497926662554,-0.0107367046759078
"519",0.550950408959447,0.974093356029688,-0.0662620428633982
"520",-0.367969815533793,0.00308418718637086,1.47052301099867
"521",1.31945409364328,-0.937330607825446,-0.657525997473872
"522",0.426236332340527,0.9442622561635,0.129736165704648
"523",-0.782644764738566,1.47715677534197,0.441772522101327
"524",-1.52672704457351,2.1102362195306,0.229824096658337
"525",1.08908055253491,0.875335560093323,0.056845705542976
"526",0.185381339077089,2.32070768202234,-0.0443980144697796
"527",-0.558884323049538,1.67280928469476,-1.18842784624582
"528",0.646720837765348,1.41167653856806,-0.997501617185914
"529",-0.636160422085556,0.435549959117796,0.243374614258778
"530",-0.569148326097268,0.659622775150783,-0.373157411847868
"531",-2.45472793362691,-1.0757766582062,1.59555957236027
"532",-0.0585192005826412,1.05718853796624,-0.225759869621685
"533",-1.27108497133795,-1.97342798086269,-0.759266019673888
"534",0.624856112483981,1.67208798246794,-0.603110629282106
"535",0.697561310494875,2.59538005989126,0.0637496107602691
"536",-1.7849402694319,1.28176227976721,-0.465037550968669
"537",0.16772978370272,-0.211880802559921,-0.674969585185698
"538",-0.137767182370994,0.787164012246398,0.0784779602561974
"539",0.275544098863258,-0.662013402715035,-0.787200375038272
"540",-0.280771406560148,-0.154407932618524,0.131232121380761
"541",-0.261594698952325,-0.0325368821859938,-1.7290957832493
"542",-0.0149510297567982,0.0594315559930454,-0.998833616566911
"543",-2.05443462104971,0.733093565535717,-1.16733972518673
"544",-0.4196834688186,-0.373490504645012,0.578915193180781
"545",2.90225159073479,1.46615014330941,0.0221766741871702
"546",-0.301371891594013,0.798498111774689,0.377593279801553
"547",-0.911568761224904,-0.822066018953917,0.263644265445905
"548",-2.05904550606555,1.01344977382267,-0.956124185828879
"549",0.0427754061443296,3.20824011380046,-0.973758668079044
"550",0.826940699900649,-2.60040840174493,-0.0580099614727511
"551",-0.412299477744696,1.47676313281584,-0.768542038191991
"552",-0.40121354665507,1.18190704942179,-1.10701325825336
"553",-2.6132573875703,-0.746372743488217,0.954529733219191
"554",1.13832673037672,1.0521566032622,1.074402397087
"555",0.76223205911393,1.71173582104274,1.03302978709907
"556",0.713056034250655,-1.1386899720703,1.519606448484
"557",0.409991635163326,0.580353811550555,0.12998316211924
"558",-0.20094321603309,0.453255364871508,0.607028576212835
"559",0.153744957584734,1.9699276634007,-0.333003858266251
"560",-1.07841699038423,-0.415458992774578,0.495479202266642
"561",-0.413703744435759,-2.1833692460579,0.019085800960302
"562",-2.95351335205801,-0.30685290102113,2.09766885432789
"563",0.615660713066019,0.211712088270292,-1.11505698262985
"564",0.268449279612348,-0.788090529612805,-0.0174262083014346
"565",1.5239820300468,0.627332119446288,-0.101574641762822
"566",0.279103000942398,0.140607598156193,0.311566613645976
"567",0.722941553311845,-0.914739759124256,-0.27345989019019
"568",0.166780547241142,0.135499439389722,-0.255426844539029
"569",-1.173541352778,-0.590537682310856,-0.396091379075474
"570",0.20731386373878,-0.12217140338483,-1.22903684549414
"571",0.701139412947039,-1.23005435395794,0.573063653622049
"572",-0.00447640217413586,-0.849985981723328,0.881350736530193
"573",-0.189126943819163,-1.77755255579399,-0.483394766800293
"574",-0.0456346736511945,-0.262192788411548,0.354281924534762
"575",-0.399164616749045,1.78587698537086,0.199046595206469
"576",-1.29515119810662,-2.09870537827698,0.569695446817817
"577",0.00720654939041058,-1.11938336619509,2.19087380464556
"578",0.6754113813534,0.352003049410819,-1.14541363183193
"579",0.0608473487685363,0.3578296439008,-0.6617216553363
"580",1.30578654581802,-0.338083124286809,-0.073109608505064
"581",0.17794078656393,0.993037396517469,-0.365888376436243
"582",0.316027302307418,-0.715257570792286,0.51474195144579
"583",0.106064873893106,0.165113807456275,0.996093219203278
"584",1.01798203290583,1.0864392287994,1.15822036704421
"585",0.674760754561468,0.595277368717991,-0.22990631850773
"586",1.10080975080945,-0.49566657526672,-1.73483076295096
"587",0.445826301203968,0.838061290503016,-0.10580675325977
"588",0.998862701525689,-0.162341580368407,1.24780237186457
"589",0.919107601667848,-0.184863297553258,-0.853510033040399
"590",-0.536192998822851,0.194874238320801,0.327414255153022
"591",-0.593725154685064,-1.33631997759792,-2.12768546150423
"592",-0.700355415499048,0.171401927678797,-0.335842362868997
"593",1.21159717124699,0.720596353572981,0.259415464680705
"594",-1.07700716618167,0.748100717647801,0.241879945112537
"595",-0.40150528350992,1.88238040770044,-1.33256963904652
"596",0.0998560489329874,0.253784206146604,-0.16234242110359
"597",1.26660462650727,-0.200140669145532,1.87840777902334
"598",-0.146117036954546,0.494376764125905,0.628617933586731
"599",-1.81626786300825,-1.34427018714757,1.37660784535279
"600",1.26896027135102,1.06133903325462,1.87494868107729
"601",-1.41979414909791,-0.714140980815039,-1.42820865013222
"602",1.30965287295233,0.287983802434849,-0.185108240218806
"603",0.851323209917856,-1.10651276427567,-1.43502463349997
"604",-0.441091980225838,-1.95876522946696,1.00148821996448
"605",-0.211515573109087,-0.87159429191383,-0.867174878875882
"606",0.73470897054982,1.18627920216491,-0.530021096351352
"607",-1.6589437699956,-0.416025722848906,1.56797566142423
"608",0.404776206895202,-0.0857695966883866,0.449731054927695
"609",0.864691568658063,-1.3835307033003,-0.708667546697359
"610",1.45994319480911,0.0927857757251594,-0.752730312339943
"611",-0.473212746996046,-0.63270282168171,-0.531705297982821
"612",-0.265675293002493,-1.55542512798833,-0.28101167286885
"613",-0.247705431382438,-0.387935522704754,-0.346415812258839
"614",0.891926792022662,1.01567281551061,-0.619550108884564
"615",0.547557332156066,-0.525779545443687,0.60560858386313
"616",-0.641375258602945,0.0814573145757868,-0.0955425400338428
"617",-0.240331648941789,0.607375893142215,0.423578251529204
"618",0.162630504152665,0.417637667858798,0.233887067476891
"619",1.92350661187022,0.0845395608804279,-2.34767860236601
"620",0.663430389813085,-0.488289718421609,-1.59414656290002
"621",0.167501407275196,0.732223339957357,-0.906936524400236
"622",1.01667995301698,1.01987414274952,-0.381915538051703
"623",1.07181535912352,-0.335575524084928,-0.240437439397937
"624",-0.326071247201824,-0.694233041215176,1.10349413057801
"625",1.03436709161266,-0.420859104199011,-1.56790588203034
"626",-0.452230541328092,-1.62162151911953,-0.617470990731487
"627",-1.07698994700646,-0.440596135748455,1.4564201085597
"628",-1.5250530307944,-0.597664541158147,-0.557595831551619
"629",0.589413109449367,-0.79329720939154,0.105739299831704
"630",0.329692556830147,-0.112715969450645,-0.756997150868944
"631",-1.038215187809,0.175931228150292,0.599301588001722
"632",-0.0719308084420657,0.76765513602086,0.0565316065680359
"633",-0.750023218627819,-0.394708229889715,-0.38083186697368
"634",-0.49011750863075,-1.17687374535201,-0.0105001009352478
"635",0.503016434362218,0.150468327176789,0.821745593209631
"636",0.761127445105737,-0.193954382617336,-0.562374736382551
"637",-1.07907801932863,-0.485289742358229,-0.725791543220993
"638",-0.571096441480899,-0.969868767193567,1.64272865927543
"639",-1.40077368563439,-0.271102494572906,-1.3672750190113
"640",0.581960680988462,0.661036915198714,-1.22136963166494
"641",-2.9914809819199,-0.889605313629796,1.40396705167507
"642",-0.421438354327712,-1.01362483292777,-0.565019625058492
"643",-0.219906471222389,-0.545995787822769,0.944995509329898
"644",-1.2400680832143,-0.191377310951062,-0.986061609750442
"645",0.314476487225569,-1.25207890602402,0.434559323359909
"646",0.0943786055716187,-0.279982656664782,0.83842849078186
"647",0.212724182296735,-1.87394018114239,0.727701572516695
"648",1.48226286517068,0.515788406136357,-0.91845030914388
"649",1.26427450394399,1.53846255740834,-1.8416703968789
"650",-0.568397636508798,-1.77112320705663,0.298031242267399
"651",-0.0166260921176449,-0.260142786947641,0.163337869010244
"652",1.0346879572843,0.364664374915951,-1.30630030490002
"653",1.88164971351343,-0.392461044107587,0.754417276100051
"654",-0.0373358980694294,-0.86640890905431,0.579186131887627
"655",-0.408384136744882,-0.0511150233975614,0.985591754729886
"656",-0.337558700471839,-0.554506735583167,-0.173765388977363
"657",-0.51228506602352,0.178342164472203,-1.04695600961102
"658",-0.736013039034763,-1.20662641501461,0.483310112674358
"659",-0.0255793739343912,0.474704468249109,-1.65918552040205
"660",0.635305950022712,-0.024912079683885,-0.957040150936049
"661",0.431707637237748,-0.659929037795327,-0.284511287028947
"662",-1.03331526077115,-0.458163180619985,2.57337394290972
"663",0.187783086077748,1.35280724004419,1.69448298707219
"664",1.45658055070823,0.368665768294012,-0.0462926830838614
"665",-0.0295170999860374,-0.183420422633358,0.909780869882412
"666",0.568341027809407,-0.275626207568083,0.937542647538569
"667",-0.258495701056391,-0.543415282396635,-0.018144560457829
"668",0.499108016350865,-0.200611104643425,0.390735949528208
"669",0.254707734187643,0.411921863904597,0.950766904778451
"670",0.124214664104068,-0.565207847313041,-0.759218362643338
"671",2.20757060413901,-1.24462319156487,0.0507006329702815
"672",-0.0984803799408955,-2.20111109750638,0.522380215790463
"673",0.704660827987742,-1.02083830619891,0.876839657476409
"674",0.19416485220886,0.989094157132503,-1.47498205146974
"675",-0.728727498896479,1.2541610176182,1.2448679780967
"676",0.950483903381329,-0.596223205703365,-0.0149975782749608
"677",-0.448865094691999,-1.62237016195183,0.191875005262014
"678",0.290345264279649,-0.480143039093045,-1.15356982769637
"679",-0.976790624263028,-0.361304966116876,0.629334611681948
"680",-2.24148261381919,-0.925288767572319,1.53039449392934
"681",0.744949855642969,-0.423838625345265,-2.05416137777094
"682",0.572304185628298,-1.6859272541242,-1.20467233439691
"683",0.315347457769695,-0.0423129220420921,1.30858609020574
"684",-0.322430309026082,-1.14324247112189,0.790228809512219
"685",-0.346995081612166,-1.41802071119235,-0.402088946667874
"686",0.545502278201917,0.792934761108884,-0.696246520484701
"687",0.196876231119252,-0.013354258361885,-0.234694183516877
"688",1.99020523671952,0.220581401001363,-1.11503116995337
"689",0.296969927973697,-1.11027980482307,0.925216044779623
"690",-1.41705173880827,-1.4961275053827,0.305603152007936
"691",0.608894231574459,0.116539759762663,0.381139888838298
"692",0.368682715636125,0.343621834390857,-0.814123601449328
"693",0.357385207597646,0.659363067982791,-0.229020713903941
"694",1.69169544637294,1.18416602684488,-0.536201780629679
"695",-1.09081579139942,-1.10117549529157,-1.3378530435034
"696",-1.31317822044996,-0.0607457728153354,0.192411541063318
"697",0.334727899053373,-0.684548175238896,0.683768888217601
"698",0.19908997109129,0.826903465245295,-0.92058911047706
"699",0.635993225608708,0.550618956448014,-0.8688341178846
"700",-0.811965474926303,-0.319390116250588,1.3441739985712
"701",-0.58011427343328,0.958063067771409,0.600344256536886
"702",-1.59219132543108,-0.250829146541721,-0.111278691225666
"703",-0.580496771434822,-0.189638629400139,0.17366236391959
"704",0.448462160868569,-0.695805490784524,-0.661797278531018
"705",0.374579511528856,-0.637465037274191,-0.729464460229876
"706",-0.0486720795522922,0.894816290006233,-0.261375494232156
"707",0.820513656858505,0.529405182351461,-0.386937338238586
"708",-1.52060440781813,0.781277325464635,-0.26069112435352
"709",0.507263112661214,0.161226089093871,-0.384446097804685
"710",0.510768988492431,0.56708103862423,-0.610870628974737
"711",0.449707868928234,-0.531920145843403,0.0983391915069663
"712",-0.704085389388055,-1.02231903667833,0.213402800574042
"713",0.4869010213451,0.0741757596569389,-0.982235615191464
"714",-1.87901576615927,0.0720311323326214,-0.101482130726876
"715",0.19156173912685,0.48773506207029,0.938803425137062
"716",0.758623548081239,0.626850537781037,-0.162285346891163
"717",-0.520748863479541,-0.267091237673948,0.29361324573394
"718",-0.272228467883964,1.25428068172936,0.442569482530561
"719",-1.43057077686315,-0.00656397061376932,-0.236972952113706
"720",-2.34689033662985,-0.451878084721014,-0.229238113147364
"721",-0.0653288910134794,-0.149987243703214,-0.382601817780187
"722",0.111134253556349,-0.435849034862746,-0.234562890923159
"723",-0.701570686515259,-1.06201670246491,-0.646572328231839
"724",-0.369301248518296,-0.639542886947769,-1.22614486847543
"725",-0.239610440125856,-0.630975815007576,0.4291724974212
"726",-0.697349452630073,-0.0661638572746127,-0.266949189975185
"727",-1.14881851071527,-0.0468051766231767,-1.10709365211402
"728",0.737679672247005,-0.321877777333721,-0.0254976120879848
"729",-0.571111450029037,-0.413951431781849,-0.363394001151145
"730",-2.7395696179039,-0.279314984733742,0.0794432874001126
"731",-0.316935381462597,-1.29863865495908,-0.880500698097606
"732",0.188941917969755,0.526112796572053,-0.999075749548666
"733",-1.81997938159924,0.132947990551956,-0.609020920747139
"734",-1.02476333784569,-0.178210339481453,-0.628044344932594
"735",0.194109924389328,-0.0953592671438945,0.795658863617224
"736",0.493363729179068,-0.138067796375338,-0.583917919919523
"737",-0.395659638359058,-0.427244367182349,-1.39443759169385
"738",-1.6630866694279,-0.512238365927745,0.138301044069358
"739",-1.05359942764687,-1.56194132049905,-0.0360615506573425
"740",0.876297821945563,1.21465209117715,0.313246218773188
"741",1.21777671916066,0.0691177857907914,-1.08403961811628
"742",-1.57032890903178,-1.2634678041937,0.0956443047405274
"743",-1.98771412023377,-0.978935717803357,0.545437640023297
"744",1.02303407406997,0.52983339107456,-0.3361833457578
"745",-0.892840296368444,-0.358583901133467,-0.118852923669325
"746",-0.367377677542051,-1.28093390850583,0.5961194001217
"747",-1.04551762910939,0.23913509926439,-0.227898380062921
"748",-0.168937129915408,0.0567827269187254,0.312648964790159
"749",-1.16814850976652,1.10558326977824,-0.496168140879635
"750",-1.99556091937529,-0.265183558819311,-1.05933522588175
"751",-1.34318591806202,0.161915338472739,-0.128852005999953
"752",1.13071362822467,0.0316093591459308,0.00730279016501841
"753",-1.01150192719681,-0.0714256719545283,-0.562410470320605
"754",-0.189695814497787,-0.0143737513533599,-0.643922321389103
"755",0.370706012237263,-0.0358339225335081,-0.299277302344777
"756",0.252844188305886,0.692409919398187,0.149426740958748
"757",-0.728563623347486,-0.554025678034791,-0.926577706157619
"758",-0.0871113765024658,0.17802143614913,0.795496186079274
"759",-0.667036093498099,-0.212856685342097,-0.130890893925204
"760",-1.5360693129876,0.792037642618267,-0.0432221387680336
"761",0.644993647966674,0.253894663396891,-0.187681088375753
"762",-0.470055788907181,1.45506479000026,-0.344071481411405
"763",-0.38916472083479,-0.112568093076428,0.178046519062129
"764",0.405001500234002,0.173875945104705,-0.898709249403315
"765",-1.18819214918721,-0.349237163662379,-0.47003939658399
"766",-0.260864269032225,-0.657595966474218,-0.368427517410254
"767",-1.27467197004455,-1.92700401893338,-0.353106396627501
"768",-1.63249121952245,-0.403313559207982,-0.703850990368365
"769",-0.858204649417786,-1.79967950664801,0.341986198547484
"770",0.211412506821721,-0.855123150831428,-1.35069018124711
"771",0.720184917271646,0.504604600365434,1.24216383211261
"772",0.815697285730963,-0.231522884167666,-0.289980647482056
"773",0.851619962943597,0.855658442167834,-0.453412786382138
"774",-0.108042429535686,0.400506580012267,-1.32369825549571
"775",-0.912891991093862,0.371595890304521,-0.00853695671653795
"776",1.02789579839562,0.984773440879009,0.0407338526051365
"777",-0.306364473229952,0.823118352576452,0.527160741575475
"778",0.225374295664682,-1.1461813474931,0.0825151999818949
"779",0.433754587413841,0.486698648369196,0.485672884155823
"780",0.272173223769773,1.05584921783442,1.6967804685987
"781",0.411884760687631,0.144287826634612,-0.637988423148992
"782",0.716613460962635,1.05162211562958,1.63423507641924
"783",0.332611399684386,0.873319037234127,-2.22748771402502
"784",-0.207112127116867,0.0311780393092535,0.0466890950312121
"785",1.01563225971944,2.01053154177374,1.0269625360004
"786",-0.220152160163468,-1.00244461426617,0.0891456321033645
"787",-1.46556638637721,-1.31997728239885,1.10878550398157
"788",0.189225023211442,-0.271494336257521,1.73059497219932
"789",0.0739111406454045,-0.325465623639132,1.43390037720037
"790",1.26608833533615,0.704010529316255,-0.606164254797204
"791",-0.772196929203672,-1.26172907534343,-0.287902765444708
"792",-0.618749327894627,1.57421514836616,0.994203547001497
"793",-0.0955195240532526,0.612146563349642,0.491149358590216
"794",0.25242008778425,-0.207168178478506,-2.25792421882977
"795",0.408191330750502,1.64242629812242,0.260051230379846
"796",0.77488686146323,-0.606566550566267,0.0621144856175211
"797",-0.0271260540347437,1.17355726631748,-0.736121912551974
"798",0.271590926324631,-0.117484645427763,1.31389374764639
"799",-0.603866309704027,0.0178428952289854,-0.404676386911357
"800",-0.510616191126361,0.148442561879056,0.647258983410846
"801",-2.34145983294669,-0.824094716235732,2.03212286789608
"802",-0.463949543228039,-0.264528010320825,-0.765909326406865
"803",2.4021360786989,0.578079642798383,0.589655651671787
"804",-0.0987830781364181,-0.692898367005721,0.395149629190205
"805",0.8714472336916,0.3698086006843,-0.176860120357519
"806",-0.598783840924112,0.302661162607966,-0.349198096912223
"807",0.3682271034922,-0.0493457867881468,-0.625173569032248
"808",-0.506088440042901,-0.310411633681273,2.07934694777329
"809",-0.0971011285283981,-0.0360658068407897,1.66893140559369
"810",0.381342973749879,0.284203896117076,0.304304685908506
"811",0.0291336137835542,-1.36457940506432,0.249166310139372
"812",1.25599704710944,1.40492345799626,1.71682615975832
"813",1.38764051304636,1.40075053128292,-0.925839085197153
"814",0.227523835163783,-1.01533296565349,0.339592362710536
"815",0.730154030442731,1.23709115923205,0.243527298049102
"816",1.45745836403704,0.349985678768321,0.378615604777234
"817",-0.935775645716805,-0.734781915904557,0.363137998890833
"818",1.23062593504183,1.32884477782445,0.384074271946088
"819",-0.399159701541482,-1.10992158299979,-0.221395279588226
"820",1.15052102914425,0.245883777153475,-0.606046440748463
"821",0.140490633146741,-0.121222225035342,0.126492641791926
"822",0.164856717938974,-1.131328418071,0.319263357940177
"823",0.469557696479543,-0.228355684262754,-0.134584106754913
"824",-0.407803830520278,0.374102240562163,-0.91222092200073
"825",0.246952530162761,0.0394027580912833,-0.419849105391704
"826",0.602190735268042,-0.464406956166155,2.13909534398911
"827",-0.392936338458317,-0.0141053780289427,-0.642527462930397
"828",1.05259882614542,0.797841097791403,0.487317756921162
"829",0.417330784433635,0.055073500168301,-0.099610591972778
"830",0.383232718275297,0.344195993151254,-0.669456694213201
"831",0.963484488369441,0.714676550193601,0.767582223413672
"832",-0.143847755219658,0.0718039289893229,0.28925126273779
"833",-0.724881716471892,-0.0184559357228192,2.32613846882915
"834",0.837979983275791,-0.0204407371072045,1.41208234939159
"835",-1.30013196989253,1.29030319914057,1.27449870276496
"836",-2.46287943121587,-1.42762877929574,-1.16716174555436
"837",0.457627509923662,0.632943803015781,-0.219859358732935
"838",-1.47897293004823,-0.417639352758895,-1.12225135258837
"839",-0.845876528991025,1.31112665127618,1.12906878887753
"840",0.671152872855169,2.35182109888504,0.961820902870353
"841",-0.297734493713286,0.269064697649361,0.437521818152588
"842",-0.263406763592937,-1.25003151221663,1.47503278360054
"843",0.550279145209303,-0.212554065977693,0.537601876745606
"844",-2.13519085917893,-0.605097374587667,0.916213414120918
"845",-0.236377328459862,0.327935333698825,1.58142735153544
"846",0.414761299629761,-0.142279805410277,-1.30990622808866
"847",0.194790686031811,0.605135693965288,-1.07427691836734
"848",1.3775538044857,0.413296386390228,-1.43720008553704
"849",-0.0334206286599239,-0.221335335441296,-0.869106561061985
"850",-2.74685371807343,-0.532836791145285,0.637265841199638
"851",0.754144800454291,-0.203524467154876,-1.1493036069779
"852",0.14209467409149,-0.556201422964309,-0.484850022823907
"853",-2.02931139106815,-2.09302679513312,-0.350413808071586
"854",0.0606230347320012,0.054019080524476,0.652446679042775
"855",-1.52431972963986,0.289729414610892,1.81387864894898
"856",0.699297971828041,-0.491042865788406,-0.723545255263274
"857",0.994959026847288,0.122880639320797,-0.498660627625478
"858",-1.94403153623794,-1.42287764671283,1.42266190363523
"859",0.789965442619667,-0.889052194447506,-0.400461698320405
"860",0.270529759939068,0.439652454795369,-1.40147203850155
"861",0.743792706814828,0.181947503800035,1.07036074735414
"862",-1.55783800270485,-0.304051952522863,1.76265253470535
"863",-2.68212292958555,-2.67372531925761,1.61021390070764
"864",-0.355932405433965,-0.490704649623474,0.9931625644215
"865",0.218987627536453,0.377949886604113,-1.31600413651742
"866",-1.57383346004548,-0.603522896100818,-1.53001936749551
"867",-1.06026287749604,0.0526848584578976,-1.08603580176667
"868",0.913328377365464,-0.394084363140164,1.69025321958542
"869",-0.82641255930195,-1.95666807147199,1.67991650848702
"870",-1.12747614594199,-1.74984848269132,1.11795453631339
"871",-0.32702130722249,-1.10451480293941,-0.77155393949568
"872",-1.51194583479535,-0.0827985058294317,-1.37240442421658
"873",0.143668291330964,-2.13135446451941,-0.281514116445332
"874",0.193887632228567,-0.0151502564689165,-0.435712678353105
"875",1.35771930881842,-0.352638991998163,0.988359701741174
"876",-0.967068226338992,-0.654810712444642,-0.190386841761324
"877",-0.987187036905255,-1.55872801509067,-1.17884102008217
"878",-0.269901363187151,0.0698126895892526,1.18564133324982
"879",-1.34831210508413,-0.841294535295308,-1.37268186117266
"880",0.990567045147248,-0.0820317866194658,-0.229196438522612
"881",-0.256205364203853,-1.07688700318838,-0.647449454119556
"882",0.0595968121989058,-1.77022688857057,0.0598736023934076
"883",-0.454562373865396,-0.148341802698934,0.234123371113932
"884",0.426428714377433,0.103730681867113,-0.243876171461178
"885",-1.55189945354024,-0.973508106617163,-1.41496298155908
"886",-0.827083532342465,-0.638565079131363,-0.623468860390461
"887",0.876598015783743,0.327621751867717,0.829248444841911
"888",-0.743315570721628,-2.23301593329925,1.2404332479827
"889",1.48000503266015,-0.599921033692221,-0.341079437565221
"890",0.11753963435016,-0.677589591315454,0.774972129764143
"891",1.64027532740391,0.840780468503012,-0.389594924578053
"892",0.104474593864951,-0.741899881209697,0.309045889573325
"893",1.48945795397994,0.838290923040178,-2.31696062968492
"894",0.880947113249573,0.345233125784345,-1.55911020766417
"895",1.22306598354887,-1.31143711922153,0.338123473623654
"896",-0.986501349718721,-1.58325519263773,2.73300582480854
"897",2.01757516102557,0.43951573514323,0.707982897321103
"898",-0.898861727603286,-0.0864179261357703,2.63755274265828
"899",-0.0200869834507947,-0.585930676901017,0.428752108672877
"900",1.63585010571702,-0.776825343520529,0.249376613957761
"901",-0.37233049556975,-0.0596609771386551,0.121613158891425
"902",0.649284205138569,-0.816985023758637,0.015259264567383
"903",0.332199374848686,-0.926351566878072,-0.951794842399052
"904",-0.353917437530464,-1.50054686364127,-0.493636682281834
"905",1.12494890298863,-0.184996297455987,0.906881073827503
"906",0.363989369884363,-1.76990505845972,0.170714060705106
"907",-0.710114290682645,-0.46578391454915,0.485110397171776
"908",0.442664167388136,0.482649831289179,0.834327218499762
"909",-2.46569810411279,0.489348560931149,1.15298006009291
"910",-2.47868359051601,-2.86949146020782,0.37278032400531
"911",-1.61635424933405,-0.555703555697121,1.51260450915398
"912",-0.292188636785892,-0.133882337015307,-0.00046638905359779
"913",-0.0422731594340232,-0.0191243507381627,-0.176243495161424
"914",0.375187949229291,-0.370548122213326,-0.555377133981108
"915",-0.1379723722319,-0.00962909835130185,0.0498216777275831
"916",-0.599075731393646,-1.42929801375304,1.19426617371868
"917",1.42356096854946,1.84686248541397,0.785056343473947
"918",-1.81886884237936,-0.0449353651307256,3.19797062137571
"919",-0.382747860056119,0.569978756950805,0.993711281721405
"920",1.84158949146282,-0.363096863567102,0.0204494565598768
"921",1.28074242607292,1.01816762647939,-0.985302539163376
"922",0.767644394271208,0.335558209305872,1.45143759713622
"923",-0.0133542479075193,-0.150850028568615,-0.0914679166080423
"924",-0.0596753538501453,0.104763684170228,-0.58183986015396
"925",-0.295513477430955,-0.354734304614168,0.367868869505404
"926",0.822241880568367,-0.706421944085322,0.22282503769807
"927",-1.00139273874209,-1.3114278325915,-0.677316820376676
"928",0.186206296780097,0.741194408514873,1.87663565414535
"929",-0.135251748829478,1.69489572414656,-0.0261117342771859
"930",0.873377333142042,0.0101412618866359,0.779394790941009
"931",0.829002097017442,1.65366585549896,0.518985649431899
"932",0.422481648348651,1.73719790383499,1.02375579436393
"933",0.908599906550029,1.37599645617258,0.894192412373777
"934",0.820295651158876,0.47482855889389,-0.416811712165481
"935",0.202486554163593,2.19483098016133,-0.559299019608707
"936",-1.64102998065786,-0.0845612147515026,0.727096196468723
"937",0.471829947030362,1.94750430681724,0.748655430266517
"938",1.02199057174901,1.07426268540646,0.617693363126178
"939",0.785495067137455,1.24840546388333,-0.914339957320269
"940",-0.699393529712702,0.67616901229341,0.0324293656000957
"941",0.982140246609806,0.994282605119753,-0.729918730108155
"942",-1.21340468360407,-0.32597984386169,0.117833177422109
"943",1.00847306825832,1.28173152368461,0.271963392436894
"944",1.07114047586308,2.24897886574278,-0.173277797557929
"945",-2.81856797684775,-0.0779160262126886,0.867391314769841
"946",1.00469840384039,-1.50302268842891,0.361473860689571
"947",0.183462968170743,0.211231580308125,-0.694351294629467
"948",-0.139355966245393,0.200082422897377,1.11127428496083
"949",0.53815042938138,0.290301729668308,1.12181933155923
"950",0.889271253505313,0.551064885900911,1.36383954690839
"951",1.17196195040836,1.4049689060658,-0.988688071248931
"952",0.350195310116335,-0.443595392075484,0.594710184082081
"953",-1.46980693499557,1.78392447745902,0.980414738158941
"954",1.0376541548695,-0.140023058916989,3.05037144427355
"955",-1.07673121917621,-0.384516917219008,0.593342470900743
"956",-0.242773296631618,2.13060607552039,-0.257302955805871
"957",0.596451264322849,-0.533452464186025,-0.56345180468215
"958",-0.888026252407998,-1.67170209229666,0.12641108779109
"959",-1.57983055256731,-1.28600077217652,0.260669299466233
"960",-0.592027743290755,-0.109337786343079,0.218856769013171
"961",-0.605581026124476,-1.31605464766916,-0.211764911538565
"962",-0.675549429673977,-2.66798418070349,1.94416376043348
"963",1.86927805996812,2.18431726684839,1.7705692185569
"964",1.7190855577331,1.62707297047624,0.0492180282402633
"965",-0.172831418689939,0.213857555281573,-1.36126101837669
"966",0.880853871600904,1.33128460472828,0.464876743045819
"967",-0.159992222686823,0.804870259997362,0.166055050549621
"968",-0.356044142674734,0.355097827272281,0.14373353256897
"969",1.09398726400933,0.0137310005550266,0.64867400619167
"970",-0.879288218594508,2.91739038279833,-0.658115428249785
"971",-0.522677180656351,-0.00883982511842905,1.48202265637214
"972",0.90431330417881,1.84286019229512,0.232266553523027
"973",-0.561855293949312,0.825369847685739,0.432594164101522
"974",-1.4240779882752,0.545881693581686,-0.828499199100808
"975",1.51086427656638,1.76092167872203,-1.10857712391085
"976",0.104499492852047,0.75971619599724,0.374712483472857
"977",-0.850801278072736,-0.297744830216798,-0.379204591694644
"978",0.372780633099313,-0.231999120160247,0.711222300328013
"979",0.235536671592424,1.50521377428143,0.178108472294742
"980",1.39269201897542,1.20545755764129,-0.753352629134401
"981",-0.438738082902623,0.352136810454463,0.600824491644165
"982",1.28522227433363,-0.00399312785421931,-2.06470385928425
"983",1.7707519333261,1.34988327282727,-0.653594643525259
"984",-0.10287680398218,0.464423172329318,-0.335982883330853
"985",1.1297019231362,1.45187902416098,0.0489510911789039
"986",1.09474190510264,0.434242856982809,-0.766337298625107
"987",-0.428311579508108,0.770536181672645,-0.157506536034051
"988",0.225443440577647,-1.09181385174788,1.93849004584729
"989",1.26112870748691,1.85880777046161,0.233829344079641
"990",2.02610847222407,2.14681117540786,0.880820610927251
"991",-0.221527275575491,-0.105637255913813,-0.416498303487036
"992",-0.654096578635145,-0.451299452721929,1.55129099742726
"993",0.153857914471266,0.412505864168263,-1.80236349828233
"994",0.82697939213208,0.910483973429177,-3.32698920919569
"995",-0.0175753549871356,-1.25938651198417,1.02817670989388
"996",-0.0394410857420162,-0.981996649175549,0.727556556020296
"997",-0.238210084155296,-0.0838489756917054,-0.860759617063735
"998",-0.0432817272936957,1.07432116354466,1.52193823744426
"999",-0.527473580808625,0.202060525199731,0.279258692408848
"1000",-0.521830313754485,-1.94683707188642,-1.29881767168591
"1001",-1.76710660402392,-0.626512025482377,1.63101084963776
"1002",-0.8375409515629,-3.02653157629034,0.349479766275771
"1003",1.32986296829654,1.19032960008115,-1.20171776261653
"1004",0.291527832009732,-0.0059376547136106,-2.43962186310242
"1005",-0.332326407611401,-0.00787412790993893,0.31258793243118
"1006",0.0685265839603162,-0.0718627121881737,0.0158530106196428
"1007",-0.428209208461869,0.271661473138597,-0.847463057976531
"1008",1.29988444142053,2.08019383700384,-1.71685729034813
"1009",-0.279672703506683,-0.082412214902416,-2.35179668064165
"1010",0.0972207553618962,0.0581561737846456,-0.159355261227964
"1011",0.972041796731184,1.03772443134353,-0.305807706048841
"1012",2.14943944528982,0.153018044247816,-1.25081343456701
"1013",0.881087981079685,0.951339415784929,0.127469138530314
"1014",-0.333776713646945,0.135153479553632,0.333102673694083
"1015",-0.181698666805745,1.14793327563917,-1.05114666493799
"1016",1.6405861845005,0.72266292544851,-2.06166842425265
"1017",1.25440751955921,-0.655123182831885,-0.574448596302316
"1018",0.745847240370757,-0.24914102369015,1.43808299233262
"1019",1.36690591630768,0.680616362558812,-0.329276178389852
"1020",0.559374627787237,-1.26314871489554,-0.831133281229602
"1021",1.57793365874958,0.366889569493236,0.386166864632108
"1022",0.191535629278028,-0.165854040795504,0.480046879676293
"1023",1.37760627438099,-1.16034691869338,0.333669425503143
"1024",0.636280838957663,-0.323196680602552,-0.847274100423566
"1025",0.323465408740989,1.12509571559785,-2.39141413736853
"1026",1.1782733939994,0.529063277603257,-0.864349110341394
"1027",0.426164446930829,0.0880952677930378,1.14108508391249
"1028",0.259926140875204,-0.654894657586479,-1.70292592574034
"1029",-1.72997242751005,-0.658078151495682,1.32406314660538
"1030",-1.10288216382002,0.396622562057639,-1.18989712399505
"1031",0.0748123967864105,-0.219738702680846,-0.971466805977375
"1032",-1.24811251335793,-1.6941666626641,-1.72397724601313
"1033",1.82145735108651,1.20005589516589,1.1607862663591
"1034",-0.963236564157057,-0.328952084311098,-1.9410931834702
"1035",1.56345911327896,0.463553180224121,-2.32762023340439
"1036",0.99049021994714,0.404768213351816,-1.55340352646068
"1037",0.599916454178395,0.801438728814746,-0.670895382107135
"1038",0.288424008425176,0.682538240485529,0.0909499909241292
"1039",0.53126108230231,1.48586529328502,0.124370596903528
"1040",-0.288782998254449,-0.576578669248312,-1.57064941735422
"1041",-0.248648527127179,-4.95152069359407,0.289026553722675
"1042",0.704726642082771,0.517564638722354,-1.10923542325754
"1043",0.894838937226086,0.431955377321056,0.924649667885774
"1044",0.937814139828349,1.13091534113554,-0.720390453199594
"1045",0.0400729759539185,-0.036544644746259,-0.959453106664516
"1046",0.918668561068015,-1.19504399939672,-0.659368696020439
"1047",1.86588869293222,-0.899202432282197,-1.4093965361636
"1048",1.07290672322768,0.625657354356229,-1.18833391096582
"1049",0.30519197769558,-2.64081695643539,0.199254856023524
"1050",1.02338847758511,-0.293302376897903,-0.45806917158599
"1051",0.0706624141803161,0.927376864539909,2.58853802301645
"1052",-0.0492659375370252,-0.224806022616129,-0.713996823178614
"1053",-0.0731668558166279,0.314780737321397,-1.53025650731149
"1054",0.659127466401151,-0.4131181454066,-1.91229616542995
"1055",0.668607081954356,-0.472724361463933,0.105673830034133
"1056",-0.292907627204118,0.379029361127656,-0.49666743539144
"1057",1.9024909450213,0.578421949475327,-0.804764277725459
"1058",0.957759992061093,0.226969042476051,0.208859231279687
"1059",-0.124748963079355,1.42321319099377,1.44378111055113
"1060",-1.03583688569157,-0.244989884153865,1.17823811402576
"1061",0.273995987046742,-0.310102593582071,1.14476808320298
"1062",-0.467745850420392,-0.494192536850529,4.06162847085861
"1063",0.967263514278617,1.2136500565969,-0.0323708652413241
"1064",-0.399488473530525,0.325520293499097,0.22361244539451
"1065",1.2363380357498,0.397950212288208,1.63019769451795
"1066",0.939267351981804,1.08859345174217,1.75230212360417
"1067",0.122039804082714,0.17199585015825,2.07052131700835
"1068",-0.0429848424815307,-0.0600493015272366,1.82631836498782
"1069",0.856891569531354,0.388938007643902,0.0221425519790641
"1070",0.825390092526844,1.07001128125611,0.644186095300424
"1071",-0.514738487036725,-0.84769069512637,0.745593812528877
"1072",0.912719163328146,1.015908600986,-0.0614090232506331
"1073",0.870683730738577,0.281105504989092,-0.0400636897905215
"1074",0.129748508063935,-0.185950517940066,-1.70210008175759
"1075",0.00465997598774873,-0.502456039171736,1.12881600865004
"1076",0.762129556405468,0.474414818806121,-0.292833474855378
"1077",0.0669192203662874,0.244613338023256,-0.570352011767562
"1078",1.71460836388844,1.71274258366458,-1.76256069496755
"1079",-0.0554910445932061,-0.430726992606077,-0.946529079273989
"1080",1.43261603992112,0.770864271604083,0.294692992452068
"1081",0.245082622739842,1.21131581886553,0.397580059602275
"1082",-0.537033014396662,-1.89125802549865,-0.0868844504432776
"1083",-0.0576911767040153,0.876014782577297,0.800322174930206
"1084",-1.39636428860044,-2.43283185872008,0.0883422748988315
"1085",-0.533272770443062,-0.398821008244612,-0.1479455464595
"1086",0.756673622364173,0.676949276112377,0.101711253106116
"1087",0.819660671523448,1.72393329106528,0.619800311447725
"1088",1.43367964613134,0.929153154968938,2.30358456221643
"1089",0.430235436767056,-0.763581154034206,0.134062686514882
"1090",0.596233715400245,0.223032498545128,-0.578288999453986
"1091",0.114205307094477,-0.257203221473931,0.996180651946704
"1092",0.13708174714078,0.13127057076305,2.62264561751732
"1093",1.01272923077529,0.313695941640228,1.65404366969657
"1094",1.90292044308562,2.33573858981399,0.455222812979653
"1095",-0.142540746870823,-0.282152165724541,-1.89930316436091
"1096",1.24133270823051,1.35781138211322,-0.395938003797451
"1097",0.129716063640666,-0.025119173620836,0.627918590266146
"1098",0.745901733270371,1.18031102107988,-0.70334428654417
"1099",0.28894739741727,-0.838294592051473,-1.52370916627359
"1100",0.780742480602605,1.45640505671603,1.74960335106298
"1101",0.0850374093527001,-1.31077847748962,1.60253887252987
"1102",-0.00862504887576067,0.416440793593705,2.30668722875753
"1103",-0.368950293538752,0.765360115845295,1.03994019030567
"1104",1.25802565240797,-0.237950481098057,0.535920933963605
"1105",0.857040752711792,-0.368847964989688,-1.1175267620922
"1106",-1.23858011716298,-0.406207506839717,0.889345062554524
"1107",1.0548298020964,-0.0162871513371008,0.471438465376926
"1108",1.08622991764629,1.92198363607662,0.848289354947237
"1109",-0.85939013505482,-0.0833792516595071,0.713017350424639
"1110",-1.19783989538747,-0.219362289543371,0.156280787730002
"1111",-0.737543809936791,-1.77586817407048,-1.75476714289858
"1112",-0.630560576009429,0.0101013423767759,1.19029330824587
"1113",1.15855777744088,-0.176435559806771,1.42490979251135
"1114",-1.22823619088923,-0.472420732279668,0.604212920655867
"1115",0.747420876686356,0.395427447102095,-1.25380879578987
"1116",0.365677916509541,-0.0845939061273666,-0.850105075836821
"1117",-1.26767308779075,-0.328936173715781,-0.243672697561353
"1118",-0.494581619632511,0.135519961762054,-0.193141711552095
"1119",0.320220158677461,-0.0291691937882091,1.27325788545707
"1120",-0.626289267616801,-0.857866169324734,-0.492994396505083
"1121",-0.539677276386933,-0.00709827262388736,-0.367263846598769
"1122",0.0989425807576121,-0.26142758230729,1.02374529137627
"1123",-0.140752541513682,-0.19582503332547,0.20423207829444
"1124",-2.0142085070059,-1.77363014322482,1.38066516704641
"1125",-0.622379743127114,-0.421702232863511,2.02475168737429
"1126",0.53733879231638,-0.36606282875802,-1.32960266512983
"1127",-0.171978422346269,1.25236439350533,-1.21536600824015
"1128",0.280588596981691,-0.494976255131933,-1.29015415419757
"1129",0.989496178264731,-0.212277863804077,0.623777698243374
"1130",-0.0577362613077209,0.00324961970307063,0.701727445765925
"1131",0.335557865513612,0.493530368623137,-1.04414469651677
"1132",-0.887398316581916,-2.90517868849638,0.948795695082261
"1133",0.0428477718484555,0.282783899199692,-1.00661201904486
"1134",2.00033904142372,1.96057009840227,-1.1454466731573
"1135",1.09450856752701,1.34070823151385,-0.442085385795973
"1136",0.824831036980954,0.00187506827510069,0.333662500243676
"1137",1.60081757070481,0.192791669498282,0.491931492878118
"1138",-1.29889924949562,-0.352470882665649,2.58008339539456
"1139",0.832453667807484,0.61994524951313,0.816057197302424
"1140",-0.0673600792017551,-0.175920021226553,-0.685171904185498
"1141",1.00734164237954,0.173221175219923,1.03006475774953
"1142",0.116781501371749,1.95751604540615,1.54066763330939
"1143",0.609970007344421,1.66461119144654,0.350742490550127
"1144",-1.09790524574082,-0.45771831557938,-1.03407928073629
"1145",0.770962374284316,0.301991494844584,-0.0642137658962481
"1146",0.244018556763411,0.977995834548917,0.330550850414365
"1147",1.43787784406923,1.51502012035274,0.378821706725982
"1148",0.225656701814523,0.1170681113559,0.497045463785127
"1149",0.671662488525082,0.338800710585813,-0.752268207916221
"1150",1.26877688049657,-0.0226712703434002,0.149069651205961
"1151",-0.178472570913429,0.0731073076672032,1.29197023910972
"1152",1.43292891680212,0.9923365258401,0.125867596686021
"1153",-0.554032384514706,-1.18428733887757,0.409980675795872
"1154",2.83566005644679,1.58008999685245,0.820895627850242
"1155",1.83304182651329,1.25680316466823,-1.49728257328131
"1156",-0.361563938721825,-0.110145320287575,-0.174846926302066
"1157",0.266557809604144,-0.613648261355803,-0.13566852808172
"1158",0.507515501339198,1.23175675750695,2.47249727462639
"1159",0.418234295297614,1.22554767544327,0.828749862390003
"1160",0.549658867054204,0.422867192928729,0.169974656045653
"1161",-0.642691265980423,-0.684903727830328,-0.562778466021569
"1162",0.825830091743335,0.494528946233127,0.188643386727186
"1163",0.75364928808392,-0.570189632034133,-0.303855333289941
"1164",-0.639003633259753,-0.205086715272229,-1.42757277461038
"1165",2.83069370781339,1.35604390349923,-0.86695646900511
"1166",0.832977012571194,1.4664519534711,0.169678941731633
"1167",-0.0629281672534186,-0.611749323508609,-0.0427699547847999
"1168",0.304719389419494,0.138891097829788,1.1596430932576
"1169",1.70714264223934,1.50413494412442,0.921457791781699
"1170",-0.158477200290445,0.420225653921891,-0.438581927223291
"1171",0.795925107713707,0.559994126061292,0.211318074374134
"1172",1.02626607292876,1.30360581384574,-0.947417968852264
"1173",0.0441477035327926,0.643311836738399,-0.431334256342871
"1174",-0.277894221975434,-0.0127483453043965,-0.697598255447522
"1175",0.774502120576503,0.83757695143391,-1.17348556338975
"1176",0.21666408335549,-0.335076792923093,-0.205133228111967
"1177",0.437963124803248,0.722195289831537,0.0475268510962939
"1178",0.389451445334743,0.309725512986582,-0.520152612297665
"1179",0.352541210735983,0.0281252398443551,0.459234779633968
"1180",0.953066444940315,-1.73723545125546,-0.210040384718321
"1181",1.52292326332096,1.76479572144371,0.535563006305304
"1182",0.341776694012582,-0.287488769811283,0.847647479207187
"1183",2.51694292763385,2.60703060895582,0.854110800599825
"1184",1.62549197203352,0.874464096075075,-0.415041573976652
"1185",1.78609757938163,1.35748708683934,0.619914072083141
"1186",0.0658005114645717,0.0158221036515013,0.523225379206148
"1187",-0.0243839235892452,-0.394514920110531,-0.643420175761099
"1188",0.187428882246281,-0.209322878531132,0.105615548120746
"1189",-0.385253393056509,-0.447199643650659,0.33712736501278
"1190",-0.0976774311332224,0.242427630890136,-0.319326615690375
"1191",-2.12521184648881,-0.293861219389782,-0.117763845380564
"1192",-0.69662723932797,-0.671585456171886,-0.122549149194929
"1193",-0.0300007247735594,0.989854878753752,-1.42974342330351
"1194",-0.082287853216473,-0.36086147472509,0.456471342992242
"1195",-0.460795775783174,-1.40750968853479,1.59916021713405
"1196",0.369530563176545,0.957635867573787,-0.197845089797505
"1197",1.36880715122641,0.393829795793933,0.138279660541886
"1198",0.292459186584362,0.342032423482398,-0.132352358123016
"1199",0.399383008171305,0.848921045959928,-1.28626614918264
"1200",1.62426559206347,0.129391056500945,0.830534380251559
"1201",0.869636995163812,-0.015711882121142,-0.908111331172187
"1202",0.181710916409542,0.591913071531116,0.471878948123447
"1203",-0.416979995660917,-2.15164988190003,-1.06098486203523
"1204",-0.937836790242396,1.19140966781552,0.129371958585239
"1205",0.55819682187454,-0.117628663665869,-0.198039412470087
"1206",1.05745118249536,2.04526934134418,-0.138904087463836
"1207",-1.29425889467895,-0.838267025469313,0.209754691015036
"1208",-1.58626032801348,-0.0564943324602391,1.25875197864518
"1209",-0.724451440932418,0.492427371703629,0.175754664640507
"1210",0.0930346241972954,1.11261420424715,-0.711800303894091
"1211",-0.331579165253471,0.4647058837332,0.706884725371466
"1212",-0.975546207496283,0.112621056704899,-0.0521819610755408
"1213",0.54825448719036,1.289935733464,-0.317439220457227
"1214",-0.87794852323027,0.108243203507146,-1.79633995681998
"1215",-0.613079838908169,0.176089081813697,-1.04089444568154
"1216",-1.31097225384663,0.0505409391858343,-1.33872450199535
"1217",-0.704966966990428,0.189343353194368,0.193654106836796
"1218",-0.112847882812445,-0.201592139670559,0.144461278866554
"1219",-1.08112805077242,0.737068514364533,-1.80151156502924
"1220",-1.34565885533969,-0.601900865189734,-1.13632646454039
"1221",-1.59806345945993,-1.17730261163409,0.547645376631578
"1222",0.833172052204033,0.997347525300895,1.04094742427173
"1223",0.873303979116165,0.844646912239196,0.614468323422957
"1224",-2.26889303735471,0.150177549158514,1.79113704574816
"1225",0.23969641181674,-0.298975830813559,-1.78967234310097
"1226",-0.707179806778541,-0.115001986187584,-0.00525586159286664
"1227",0.58311940492247,-0.0411559212982148,0.00432726240847137
"1228",-0.238541807355699,-1.64360075701163,0.452983139708565
"1229",0.396858746767961,-0.177837405916471,1.79908048572044
"1230",1.27463343648992,-0.223357903533185,-0.187320441658111
"1231",-1.03937019504207,-0.302841775842498,-0.198593097286617
"1232",-0.206974734599669,-1.7424170058017,-0.0790310029444243
"1233",-2.13727365573734,-1.4947441753399,0.772413234930219
"1234",0.372151986493249,-0.392253519691288,-0.390993874199236
"1235",-0.572578435095127,-0.120658513343965,-0.647692495383444
"1236",0.549120981194262,1.09016914916874,-0.100072665931431
"1237",0.375757886573088,0.757596164463065,1.20394839137001
"1238",1.29327456263784,1.27491813667171,0.742230606038473
"1239",-0.832950083329963,0.161868766882962,0.824327312587184
"1240",-0.226264807249771,-2.06866034800637,-0.57682358530196
"1241",0.473677932046294,0.580912179014857,0.562500877720303
"1242",-0.0457200415869928,0.00867156166077729,-0.932340594861433
"1243",0.499973400240224,0.761577290174875,0.171171940086519
"1244",-2.2040422584096,-1.15510409263431,0.393708546764466
"1245",1.36954566980516,1.7638848560333,-0.774890494514075
"1246",-0.165309554992311,-0.172164118920344,0.694778164319405
"1247",0.202212955897324,1.55585364888958,-1.25756550059788
"1248",-0.995234539780155,1.123861976221,-0.965256804382057
"1249",-1.6158368518482,0.204888462670561,-0.135475567771031
"1250",-0.884157486075129,-0.0494438000145527,-0.793130173562687
"1251",-1.63240271234911,-0.570088008994189,0.206756561119661
"1252",0.546174752630789,0.72858386420826,-0.828481147701697
"1253",0.825664324104521,-0.601971775021375,1.23341722962943
"1254",-0.0894166537532493,-0.5502624479735,0.409693849539686
"1255",1.37682594887872,1.43367581243046,0.723814236812807
"1256",1.31211416947859,1.29175743237998,0.0342715218379168
"1257",-1.43784299496647,-0.46998477211828,0.149482050668557
"1258",-0.232319396083671,0.898390702500853,-0.103330266288118
"1259",0.969573506581187,0.677627354506664,0.159484231314341
"1260",-0.0771072372621836,-0.99976055327746,0.621000890303423
"1261",-0.589278789610709,-0.585287017316599,-1.44173651000735
"1262",-0.692183771616127,-1.05239808551327,-2.54454967903563
"1263",-1.00297441569412,-0.978473939561018,-0.359174922696051
"1264",0.364004895675784,-1.13596494246763,-1.14460253912833
"1265",-1.41105093870003,-1.41132489461347,-0.318629979413591
"1266",-1.70308867790566,-0.673447280905525,-0.312656170613734
"1267",1.14638886732365,1.10963163401993,-0.57580367269374
"1268",0.572591467520831,-0.306972212703514,0.21702414408078
"1269",0.297953216292135,0.203001747496038,-0.317199956027578
"1270",0.763960606822324,1.17345900622784,-0.213500400786967
"1271",0.000107534265265714,-1.24681189291138,1.32098499671365
"1272",0.818727001274824,0.626691744710034,1.02883752579977
"1273",0.392332218909225,-0.446813436663179,-0.438746660871374
"1274",0.869390160194878,-1.48629062694686,-1.7013286562458
"1275",1.06811151199488,0.384720822162875,-0.534837873477248
"1276",0.948523668550206,-0.448807288404249,0.817582531701311
"1277",-2.41115995304559,-1.32185838640544,1.48522318095687
"1278",-0.713412820407183,-0.799960349665895,0.646909397363891
"1279",-0.901649197718402,-1.3420960982716,-0.884894958291546
"1280",-2.40028419819415,-2.02762415876432,0.0893830297622301
"1281",-0.614323211929658,-1.15248103661348,-0.196638857473791
"1282",2.02643186635357,2.02721447389028,0.455674113329493
"1283",-1.0157423310706,-0.401385608623684,0.588247814794935
"1284",0.306807815541858,-0.444706567239312,-0.315337278971615
"1285",-0.593326604884832,-0.578828321419338,-0.6637229700125
"1286",0.331551550722666,0.395962652933652,2.3445804788556
"1287",-0.873326861144803,-1.19192809795599,-0.544272633538432
"1288",-2.15335676894557,-1.85022379245128,1.44692083108452
"1289",1.91902967840543,1.45625051270597,-0.983988368286182
"1290",-1.49996831978805,-0.768666950068615,-0.0234200817505851
"1291",-2.61300465217372,-1.91227730427004,-0.0347002925151922
"1292",-0.850279275314071,-1.60367285060852,-1.58632106521896
"1293",1.3914423837758,0.798448787024477,-0.499069971164569
"1294",-2.24434853204342,-2.65096456941092,-0.150305876740324
"1295",0.470498178192066,-0.289352981898993,0.973621179760126
"1296",-1.00550712645254,-0.492116562616113,2.43029436962776
"1297",-0.688751373639637,-0.644031895789721,0.093629124521934
"1298",1.8307182852688,1.62574486749728,1.50123045280044
"1299",0.473823929956072,-0.703409303730798,1.32364030224376
"1300",-0.69286935926372,-1.05507197943728,0.410531126297333
"1301",-1.90683171230409,-1.05587631900391,-0.639330064685625
"1302",0.573662362693501,-0.858619054828682,0.3815291971764
"1303",1.42339732007341,-0.235931832522118,-1.05755777309285
"1304",-0.488104941275529,-1.14270091706632,1.64002723169654
"1305",-0.844546071911679,-0.652321792434962,0.367409946984234
"1306",-0.5851896626193,-0.775235449073148,1.31547975903565
"1307",-0.448187925338659,-1.3638175529161,0.0627724252334586
"1308",0.930192965549587,0.602758571319849,1.58112657177321
"1309",0.249733300611883,0.178117478332494,-0.563861861908339
"1310",-1.10137405047453,-1.4507730405328,-1.17287887008124
"1311",-0.721711507050317,-1.05618898003048,0.85257731940972
"1312",0.204974068984309,0.0189034260901138,0.637083266449344
"1313",-1.78039604934386,-1.84172242304364,0.240644739587685
"1314",-0.223384417772246,-0.0815684866774918,-1.04390575690169
"1315",1.00452038301425,0.952177971623228,-0.0839561905178408
"1316",-1.68673181711,-0.606802429568341,2.34114920991735
"1317",0.926182630109799,0.98204504093549,-0.258257764103615
"1318",0.336908051188862,0.913614853186358,-0.749474785659065
"1319",1.27292859271073,1.27365516496827,-0.510369467357845
"1320",-2.18847601182161,-2.51980665331683,-0.209184033543678
"1321",0.259391397794963,-0.302943455239006,0.352518840320208
"1322",0.0870973437081631,-0.0158389196653126,0.933641652528375
"1323",1.09390637136348,-0.279759491296754,1.62116896818834
"1324",-0.284269531663307,-1.79848040786153,0.452329821134411
"1325",-0.0933819009227426,-0.684187107613616,-0.484159297513785
"1326",-1.97924809943655,-2.80674223457074,0.242251997406968
"1327",-1.05114390618913,-2.73872186953628,-1.48516959218195
"1328",-1.04508304736377,-1.01380984196764,0.281286422127199
"1329",1.13117691943913,0.984223502392882,-0.886281112206979
"1330",-0.415727366548238,-0.735209801429753,-0.441278550207985
"1331",-0.902793529472161,-1.09883764586798,-0.200112939626572
"1332",-0.452191431269441,-0.399288796032962,0.385310356408575
"1333",1.72515451862741,1.51674717474559,-2.78175115925459
"1334",-0.0747125498887259,-1.04653218641615,-0.892226985947593
"1335",-0.685835739901331,-0.385028989304756,0.466551642071951
"1336",0.198558352330656,-0.348354097215286,0.0861381522856253
"1337",-0.906415343902529,0.141427303674131,0.201007037399717
"1338",0.433549728793573,-0.184324862758424,-0.918699876532897
"1339",-1.17633654485189,0.631315490865172,-1.03580632168033
"1340",-1.42060702266304,0.299005078805061,0.765870063700651
"1341",1.31548210207482,1.34672460506192,-1.2354716109517
"1342",0.343112385778808,0.874867984974312,-0.348508615866719
"1343",0.35660528475178,0.317993308803143,-1.24160538904571
"1344",-0.718142553652128,-0.755072584676071,-1.67462625034372
"1345",-1.06858947754176,-0.860216116194552,-0.359005814813327
"1346",-2.92037087220173,-2.63395400879557,-1.33871331712434
"1347",-0.0935108553195881,0.0735465903502103,-0.141272782333989
"1348",-1.32956617802222,-0.946369250910748,-0.207893590979714
"1349",-0.0492200477582535,0.232452438584474,-0.714835276424638
"1350",0.163598371826411,1.33497137265277,-1.24129139889819
"1351",-1.57114971105287,-0.593067214423027,-0.246197455908112
"1352",0.274788651563781,-0.688549408326715,-0.689928376442213
"1353",0.266746915515554,1.35450296379442,-0.906872321486285
"1354",-1.03274452772543,-0.996952804658704,-0.350510535292419
"1355",-0.314974048502976,0.722649587955486,-1.32684056960469
"1356",0.0141433407364448,-0.453392427185072,0.333816591407677
"1357",-0.00632312466538975,-0.808591015106692,-0.120008473259941
"1358",-2.43677586786175,-0.453211772448701,0.216580059403139
"1359",-0.788246264622777,-2.0363535466984,-1.20303582765456
"1360",0.153739613146348,0.626855051601165,-0.0452044269015653
"1361",-0.117256059587199,0.366099587637847,-1.94612799018608
"1362",-1.58983593186335,-0.151200133663459,1.19911512170082
"1363",0.270644203800343,-0.208097354417801,-1.07179968610546
"1364",-1.57759862423379,-0.0797661562153463,-0.173313888421731
"1365",1.34104840844225,-0.550273987567559,-0.179713028374082
"1366",-0.805637205912351,-0.202686858321496,-0.636459106486178
"1367",-1.94620492637529,-1.28125163006885,-1.52878282409506
"1368",-0.870305808312057,-0.684359381388663,-0.756074859212815
"1369",-0.391401560267667,-1.37339338956278,0.367519736537261
"1370",-0.76273172526595,-0.200900948232267,-0.255249454101741
"1371",-0.170637040957687,0.0558517224953649,0.512772936978904
"1372",0.698028451998163,0.0916339618159004,-1.27788184831156
"1373",1.17164525824193,0.901761261087429,0.653472425602093
"1374",-0.0673012404245456,0.222895590196606,0.174048274318017
"1375",-1.1220733481376,-0.628654585551672,0.474323521060451
"1376",-0.168417803999893,0.0517733450820339,-0.00650135924727201
"1377",-1.82938938941009,-1.49680987808632,0.151298452515986
"1378",-0.00422664015997416,1.39610509391759,-1.12935417579223
"1379",-0.519188357056956,0.332300914421234,-0.0559496810537338
"1380",0.438519059045496,1.73816258518772,-1.59802685987884
"1381",1.13290367554748,2.25882588359695,1.16623410726395
"1382",0.645863004602028,0.879121997223769,-1.13996504935359
"1383",-0.369434111893505,0.0294823945509282,-0.99531918851329
"1384",-1.1057483162631,-0.363079591146803,-0.700220018912303
"1385",0.877163553217651,1.16271271841632,-1.41122574421545
"1386",-0.86419427788407,0.887214606499154,-0.175370739387903
"1387",-0.652693109677441,1.10532728596693,-1.97414838609564
"1388",-0.488071723359617,-0.74685823051261,0.0761970496280745
"1389",-0.355929501453391,0.701127803884827,0.426630304659598
"1390",0.423402889389074,0.432948123990676,-2.11013410941889
"1391",-0.610301740944659,-0.405167441007129,-0.698912529412088
"1392",-0.251271826883549,-0.937558640088648,-0.143863501020106
"1393",1.19257317800834,-0.0125617912155756,-0.347266397409794
"1394",0.679963973939466,-2.40865108853898,-0.107488273730161
"1395",0.440405979941085,2.08668274017254,-0.656202186355416
"1396",0.519650545509895,0.279468749779087,-1.55874475786613
"1397",0.554059395744149,0.211761325025615,-1.59132153970664
"1398",-0.211782965508841,1.01568338635111,-0.0985961567614571
"1399",-0.332284266940595,0.890566303053318,0.674033666733784
"1400",-0.691632587721324,-1.47834685206701,0.505710451812627
"1401",-0.267859798063396,-1.14846686782704,-1.67516148794873
"1402",-0.0916827029326201,0.301789162089863,0.104133191016056
"1403",0.560013452762162,-0.431595516246103,-1.3321782893197
"1404",2.0769004791711,0.770011106254162,-0.0293884035153533
"1405",-1.29857488857667,-1.97715598859509,1.09558498916726
"1406",0.712685281877048,0.0280316004754286,1.22809879618966
"1407",0.938738006369426,-0.0716661564749227,-0.16996697230285
"1408",-1.81079639401993,-1.37152079049028,0.144212055579336
"1409",1.01115382789688,0.0604226522443068,-0.87879681142033
"1410",1.37333507149198,0.624637681500415,-0.441374228711801
"1411",0.190576816132805,-0.668414330477182,-0.958689960287035
"1412",-2.34044608831454,-1.05918262361839,-1.65642000333166
"1413",0.0370336643343377,-1.04900935137877,-2.56798655866459
"1414",1.0733129348383,-0.419480253535281,0.235197596924097
"1415",-0.12618714004723,-1.22999849864355,-0.177884138202399
"1416",0.170190462550016,-0.611714343647412,-1.25349666100137
"1417",-0.0625559430451749,-0.567790872580589,0.621680107377014
"1418",-0.45775635982222,0.402372571562022,0.93318713231045
"1419",-0.357674543131148,-1.33624632262438,0.256663421149341
"1420",0.836342864249819,0.910253655711817,0.0115364571610119
"1421",0.35763584674959,-2.45782210143156,0.220864971745114
"1422",1.25082908960357,0.611734258560457,-1.67592675653549
"1423",2.24751845558034,0.649235575610907,-0.905994842179858
"1424",0.201081018057366,-1.94237687845658,2.75460167955365
"1425",1.26556124191307,0.89198133821648,-0.235354975499258
"1426",-0.814364112555954,-0.954816219738727,1.43402391490482
"1427",-0.598941565033376,-1.00458594160514,-1.47039338000087
"1428",0.807352585440159,-0.346313867557958,-0.184802670094542
"1429",0.0113089778854976,0.095492557562811,-1.33195590853788
"1430",0.516796963652606,-0.664019133627133,1.36624993237172
"1431",-0.0885373134779189,1.35889690926813,-0.453889868186764
"1432",0.209881232946035,-0.678797089163704,-1.05113314875664
"1433",-0.133852697876547,-0.107788554459922,-0.46022259602814
"1434",1.28066300887767,-0.200409221499761,0.179545038857791
"1435",0.523797156319104,-1.46869204282546,0.631074443304615
"1436",0.669136381480528,0.343477082891631,1.10394329024533
"1437",-1.34741385118825,-2.34347686425614,0.166872282731179
"1438",-0.601646794685085,-0.535793552808209,-0.20126443535735
"1439",1.3173939128645,0.12770484983068,-0.166252115718789
"1440",-0.749686248806368,-1.12121619145463,-0.219121027624928
"1441",-0.243971169483435,-0.736250178146304,-0.317375397345085
"1442",-2.98794928485713,-0.396428129542692,0.652963964869103
"1443",1.46349302317343,0.795465867528345,-2.04746301096461
"1444",0.392782134081886,0.176895056569435,-0.241355993947691
"1445",0.609067993702762,0.574057242422446,-0.633116597030984
"1446",-0.300722182030718,-1.03342591114411,0.41927324176369
"1447",1.61760464094459,-0.582329412501385,-1.80180654420101
"1448",0.483258192422281,-0.147502103783406,0.472456044593793
"1449",-0.144288259175308,-0.730371048442737,-0.544439764394838
"1450",-1.35416659029968,0.103902596912047,0.547138235837814
"1451",-0.604208329502451,0.149952250422526,0.192841049395236
"1452",1.44007024994977,0.117909804158821,-0.175047570964923
"1453",-0.375493583893488,-0.837718957078643,-0.333812824489389
"1454",-0.414687666611234,-0.697371464005253,-0.884781315610366
"1455",0.932811104985529,-1.31810668036184,-1.18364398018971
"1456",1.42853368369037,0.8902794494124,0.327948691952032
"1457",0.67082393767389,1.65253185476118,-1.12084997850691
"1458",-0.478457974623364,-0.188943501623513,-1.64550556252444
"1459",-0.0809003920064016,-0.304484150758162,0.579917881427192
"1460",1.09158492521491,0.176308331127863,-0.534067529360611
"1461",1.28203196110414,0.529135640050888,1.60006826613175
"1462",0.400502993095014,-0.681748008607479,-0.650558273129275
"1463",-0.829278209524426,-0.676223551291161,-2.5434642739714
"1464",-0.57473440456619,-0.0281253974190575,-0.0753591083533438
"1465",0.429739695161803,-0.354273297339413,0.607632788817963
"1466",0.245263144103063,-1.2338681554034,-0.0135483802219838
"1467",-0.36136356666289,-0.746310337698238,-0.245617343612578
"1468",-0.218013562394774,0.204573485228387,0.170320783267602
"1469",0.440178251534317,-0.470830417868323,-0.509560191572925
"1470",-0.838087448516422,-1.10528930950493,-0.26472186038468
"1471",0.0937199587887715,-0.665341932820552,1.11299853231278
"1472",-1.59347406380868,-0.591233722054559,1.11388146582152
"1473",1.01800400546199,-0.466271171541002,-1.46173438169695
"1474",0.740189595781555,-1.73164822324607,0.172440787889634
"1475",0.881589071054874,0.157007107864362,0.114500840279736
"1476",1.2122899177776,1.26312147078772,-1.46655733520268
"1477",-0.822404746265493,-0.572707258497006,-1.52213552355636
"1478",0.227348324606882,-0.875527977857225,0.0653127824331375
"1479",0.656520609937901,0.394754197959067,0.513770786186663
"1480",0.946266262814015,0.269224207836391,-1.50157110923165
"1481",-0.0259538186489954,-0.897615722183048,1.1941774012778
"1482",2.15425193810833,0.939440014059296,0.491514598512188
"1483",2.61487291899957,1.3682681785398,0.216491843739718
"1484",-0.561496487358606,-1.2794179110379,-0.795360497672186
"1485",-0.273659342825416,-0.0674360401732922,0.406606035323292
"1486",1.26720641212105,-0.397251292495977,-0.498878613359595
"1487",1.57942585865685,0.228554205760241,0.435312259122573
"1488",0.37529856769044,0.458007227152859,1.33624429544409
"1489",1.19499779121647,0.875840539721456,1.23831629448239
"1490",0.618730367666935,-0.755381015912299,-0.147924574583097
"1491",-0.555333243069291,-1.14518621806283,-0.247877652061396
"1492",0.459371164021577,-0.496344119450691,-0.424095206794074
"1493",0.339931925911987,0.602030490317793,0.326652102090519
"1494",-0.596379047359401,-1.58640108915775,0.245874649231597
"1495",0.519565881486267,0.414707941396272,-1.02131660262382
"1496",0.231174968218954,-0.282898441280694,-0.434196298335664
"1497",-1.13838894078427,-1.58279736042752,0.085405029872813
"1498",-0.399913766789614,-0.96059770793329,1.27701591704846
"1499",0.585913600254591,-0.286905790480059,1.82047096753945
"1500",-0.722329355945297,-0.631312849196909,0.496513545685026
